{"BusinessName":{"0":"# 7 RESTAURANT","1":"20TH CENTRY BOWLING LANES","2":"21 ST. AMENDMENT","3":"224 BOSTON STREET","4":"29 Newbury Street","5":"49 Social","6":"5 Napkin Burger","7":"68 Chinese Fast Food","8":"73 Cafe","9":"75 CHESTNUT","10":"99 RESTAURANT AND PUB","11":"A & N PIZZA","12":"A @ Time","13":"A K's Take Out","14":"A K's Take Out & Delivery","15":"ABE & LOUIE'S","16":"AFC SUSHI @SIMMONS COLLEGE","17":"AFC Sushi @ Suffolk University","18":"AL CAPONE","19":"AL DENTE RISTORANTE","20":"ALEX PIZZA","21":"ALFREDO'S ITALIAN KITCHEN","22":"ALI ROTI RESTAURANT","23":"ALLIS ROTI + MEAT MARKET","24":"AMC Theatres Boston Common 19","25":"AMSTERDAM CAFE","26":"AN TAIN","27":"ANDREW SQUARE HOUSE OF PIZZA","28":"ANH HONG RESTAURANT  LLC","29":"ANTHONY'S CAFE","30":"ANTICO FORNO","31":"ANTONIO'S ITALIANO CUCINA","32":"APPLEBEE'S NEIGHBORHOOD GRILL","33":"AQUITAINE","34":"ARAMARK @ SULLIVAN & WORCESTER","35":"ARC","36":"ARCHIE'S NEW YORK DELI","37":"ARTU","38":"ASAKI","39":"ASHLEY'S BREAKFAST SHOPPE","40":"ASHMONT GRILL","41":"ASIAN THAI EATERY INC.","42":"ASSAGGIO RESTAURANT","43":"ATLANTIC FISH COMPANY","44":"ATRIUM CAFE\/HARVARD MED.SCHOOL","45":"Abbott's Frozen Custard","46":"Abby Lane","47":"Adams B & B","48":"Addis Red Sea","49":"Al's South St. Express","50":"Al-Wadi Restaurant","51":"Alibi","52":"Allston Diner","53":"Alumni 1","54":"Alumni 2","55":"Alumni 3","56":"Alumni 4","57":"Alumni 5","58":"American Bakers","59":"Americano Espresso Bar","60":"Amici","61":"Angela's Cafe","62":"Anna Hand Cut Donuts","63":"Anna's Taqueria","64":"Another Cup? Coffee House","65":"Anshur Restauruant","66":"Aramark at Houghton Mifflin","67":"Arboretum Grill","68":"Arizona B B Q","69":"Ashburton Cafe","70":"Asia Wok","71":"Asta","72":"Au Bon Pain","73":"Au Bon Pain","74":"Au Bon Pain","75":"Au Bon Pain","76":"Au Bon Pain (Joslin Pl.)","77":"Au Bon Pain Outdoor Cafe","78":"Au Bon Pain Store 511","79":"Avana Market Place","80":"Azama Grill","81":"B & G OYSTERS LTD.","82":"B C High School (Faculty Food Serv.)","83":"B Good Burger","84":"B Good Burger","85":"B. Good","86":"B. Good","87":"B. U. Einsteins Bagels","88":"B.U. WEST CAMPUS","89":"BACCO RISTORANTE & BAR","90":"BACKWOODS PIZZA","91":"BAMBOO RESTAURANT","92":"BANGKOK BLUE THAI","93":"BARNES & NOBLE BOOKSELLERS (R)","94":"BARNEY'S GRILL","95":"BEACON HILL HOTEL & BISTRO","96":"BEANTOWN BURRITO","97":"BERKELEY PERK CAFE","98":"BERKELEY RESIDENCE YWCA","99":"BERTUCCI'S BRICK OVEN PIZZA","100":"BETWEEN HOURS","101":"BILLY TSE RESTAURANT","102":"BILLY'S TEXAS B.B.Q.","103":"BIRCH STREET BISTRO","104":"BK's Pub","105":"BLACKSTONE GRILL","106":"BLASI'S CAFE","107":"BLUE STAR RESTAURANT","108":"BO9\/CO9\/Y7","109":"BOCA GRANDE RESTAURANT","110":"BON APPETIT RESTAURANT","111":"BOSTON BACK BAY HILTON","112":"BOSTON BEANSTOCK COFFEE CO.","113":"BOSTON BEER GARDEN","114":"BOSTON COLLEGE CLUB","115":"BOSTON MARKET","116":"BOSTON SAIL LOFT","117":"BOURBON ST. CAFE","118":"BRICCO Restaurant\/Bakery","119":"BROWN SUGAR CAFE","120":"BRUEGGER'S BAGEL BAKERY","121":"BRUEGGER'S BAGEL BAKERY","122":"BRUEGGER'S BAGEL BAKERY # 274","123":"BUKHARA INDIAN BISTRO","124":"BUKOWSKI","125":"BUNKER HILL COMMUNITY COLLEGE","126":"BV","127":"Back Bay Sandwich","128":"Back Bay Social Club","129":"Back Deck","130":"Bailey & Sage","131":"Bain Capital (40th Fl)","132":"Banh Mi House","133":"Bani Restaurant","134":"Bar Louie","135":"Bar Medallo","136":"Barracuda Tavern","137":"Barrington Coffee","138":"Bartlett Square Cafe","139":"Basho Japanese Brasserie","140":"Battery Park Restaurant & Lounge","141":"Beacon Hill Pub","142":"Bean & Leaf Cafe","143":"Bean and Cream Co.","144":"Beantown Hoagie","145":"Beantown Pub","146":"Beijing Kyoto","147":"Bell In Hand","148":"Bella Luna Restaurant @ the Brewery","149":"Bella Vista","150":"Ben & Jerry's","151":"Ben & Jerry's","152":"Ben and Jerry's","153":"Benevento's","154":"Beth Isreal Deaconess","155":"Bethlehem to Go","156":"Bibim Restaurant","157":"Biddy Earlys","158":"Big Bites","159":"Big Guy's Cafe & Grill Inc.","160":"Bijou Night Club","161":"Bill's Bar","162":"Billy's Sub Shop","163":"Bin 26 Enoteca","164":"Bistro du Midi","165":"Black Rose","166":"Black Seeds","167":"Bleacher Bar","168":"Blue Asia Cafe","169":"Blue Cross Blue Shield-Landmark Center","170":"Blue Dragon","171":"Blue Hill Coffee Shop","172":"Blue Hill Pizza","173":"Blue House of Coffee","174":"Blue Nile Restaurant","175":"Blue State Coffee@957 Comm. Ave. Boston","176":"Bluestone Bristro","177":"Bohemio's Restaurant","178":"Boloco","179":"Boloco","180":"Boloco","181":"Boloco","182":"Boloco (247 Newbury St.)","183":"Boloco - Berklee","184":"Boloco Inspired Burritos","185":"Bonchon Allston","186":"Bonne Chance Cafe","187":"Borinquen Bakery & Cafe","188":"Boston Beer Works","189":"Boston Burger","190":"Boston Chowda Co.","191":"Boston Common Coffee Co.","192":"Boston Common Coffee Co.","193":"Boston Common Hotel & Conference Center","194":"Boston Eagle","195":"Boston Globe Cafeteria","196":"Boston Globe Kiosk # 2","197":"Boston Kabdo Co.","198":"Boston Kebab House","199":"Boston Kitchen Pizza","200":"Boston Living Center","201":"Boston Marriott Long Wharf - FS","202":"Boston Marriott Longwharf","203":"Boston Medical Center","204":"Boston News Cafe","205":"Boston News Cafe (90 Arch St.)","206":"Boston Opera House","207":"Boston Park Plaza (Main Kitchen\/Room Serv.)","208":"Boston Park Plaza Employee Cafeteria(3rdFl)","209":"Bourbon Street Cafe","210":"Brannellys Cafe","211":"Brendan Behan Pub","212":"Brigham & Women Hospital OR Lounge","213":"Brigham & Womens Coffee Kiosk","214":"Brighams & Womens Hospital - Tower Cafe","215":"Brighton Beer Garden","216":"Brighton Music Hall","217":"Brother Deli Restaurant","218":"Bruegger's","219":"Burger King","220":"Burger King","221":"Burger King","222":"Burrito Factory","223":"Burrito's Pizzeria","224":"Bus Stop Pub","225":"Butterfly Coffee","226":"C&S Tavern","227":"CABANA GRILL","228":"CAFE 1010","229":"CAFE @ 1295","230":"CAFE ARPEGGIO","231":"CAFE AT BARNES AND NOBLE","232":"CAFE DES ARTS","233":"CAFE MIRROR","234":"CAFE NAPOLI","235":"CAFE PODIMA","236":"CAFE POLONIA","237":"CAFE POMPEI","238":"CAFFE BELLAVITA","239":"CALIFORNIA PIZZA KITCHEN","240":"CAMINO REAL","241":"CANTINA ITALIANA","242":"CANTON HOUSE","243":"CAPITAL GRILLE","244":"CAPITOL COFFEE HOUSE","245":"CAPTAIN NEMO'S","246":"CARNEY HOSPITAL","247":"CARTER FULLER MENTAL HOSPITAL","248":"CASA ROMERO","249":"CAUSEWAY CAFE","250":"CAVAN CAFE","251":"CHACHO'S PIZZA","252":"CHARLESMARK HOTEL","253":"CHART HOUSE","254":"CHARTWELLS @ SNELL LIBRARY","255":"CHEQUERS","256":"CHEQUERS EXPRESS","257":"CHEZ-VOUS SKATING RINK","258":"CHICKEN LOU'S","259":"CHINA GOURMET RESTAURANT","260":"CHINA HOUSE","261":"CHINA MAXIM III","262":"CHINATOWN EXPRESS INC.","263":"CHINESE DRAGON","264":"CHRISTOS PIZZA","265":"CHUNG WAH","266":"CLARKE'S","267":"CLERY'S","268":"CLUB HOTEL BAR","269":"CO1\/BO1","270":"COCO'S","271":"COFFEE SHOP","272":"COMMON GROUND","273":"COOGAN'S BLUFF","274":"CORNER TAVERN","275":"CORNERSTONE","276":"CORNWALL'S RESTAURANT","277":"CORP. CHEFS\/U. MASS. MED. SCHOOL","278":"CORREIA INC.","279":"CORRIB PUB","280":"CORRIB PUB AND RESTAURANT","281":"COURTYARD CAFE","282":"COURTYARD MARRIOTT COPLEY","283":"CRANBERRY CAFE INC.","284":"CRAZY DOUGH'S PIZZA COMPANY","285":"CROKE PARK","286":"Cactus Grill","287":"Cafe 1221","288":"Cafe 472","289":"Cafe 939","290":"Cafe @Mohr & McPherson","291":"Cafe Beirut","292":"Cafe De Lulu","293":"Cafe Hemsin","294":"Cafe Inaka","295":"Cafe Marliave","296":"Cafe Orient Heights","297":"Cafe Rustico","298":"Cafeteria Boston","299":"Caffe Aromi","300":"Caffe Lil Italy","301":"Caffe Vittoria","302":"Cajun Cajun","303":"Canary Square","304":"Caribe Restaurant","305":"Carlos Variety","306":"Carmelina's North End","307":"Carrie Nation","308":"Casa Razbora","309":"Catering","310":"Centerplate @ Blue Hills Bank Pavilion","311":"Centerplate @ ORPHEUM THEATRE","312":"Central Wharf Co.","313":"Centre Street Sanctuary","314":"Chacarero","315":"Charlie's Pizza & Cafe","316":"Charlies Pizza and Kitchen","317":"Cheeseboy \"Grilled Cheese To Go\"","318":"Chequers Coffee Express","319":"Chestnut Park at Cleveland Circle","320":"Chill","321":"Chilton Club","322":"China King Restaurant","323":"China Pearl Restaurant","324":"China Sky Restaurant","325":"China Station Restaurant","326":"Chinatown Cafe","327":"Chipotle Mexican Grill","328":"Chipotle Mexican Grill #1520","329":"Chipotle Mexican Grille","330":"Choat Hall & Stewart","331":"Chopped & Topped 3rd Fl.","332":"Church","333":"Chutney's","334":"Cinque Cento","335":"Citizen Public House & Oyster Bar","336":"Citra A Fresh Cafe","337":"Club Cafe","338":"Colonnade Hotel","339":"Columbia Park Cafe @ Sovereign Bank","340":"Comedy Connection @ The Wilbur Theater","341":"Comella's","342":"Community Workshop Inc.","343":"Concession Kitchen South Side","344":"Concession Stand North East","345":"Concession Stand North West","346":"Concession Stand South East","347":"Concession Stand South West","348":"Conte 1","349":"Conte 2","350":"Conte 3","351":"Conte 4","352":"Conte 4th Fl W","353":"Conte 5","354":"Conte 6","355":"Conte 7","356":"Conte 8","357":"Corner Cafe","358":"Corner Cafe","359":"Corporate Chefs @ Plaza Cafe (Tufts)","360":"Corporate Chefs @ Soups On","361":"Corporate Chefs @ Tufts Food 4 Thot","362":"Cosi","363":"Cosi","364":"Cosi (Kiosk)","365":"Cosi South Station","366":"Cosmopolitan Lounge","367":"Costello's Tavern Inc","368":"Country Kitchen","369":"Courtyard Boston Downtown","370":"Courtyard By Marriott","371":"Courtyard By Marriott","372":"Crazy Dough's Pizza","373":"Crazy Dough's Pizza","374":"Crown Fried Chicken and Pizza","375":"Crystal\/Gorage Lounge","376":"Cure Lounge (basement at Wilbur Theatre)","377":"D'ANGELO'S SANDWICH SHOP","378":"DACOOPA SUB & PIZZA","379":"DAVIO'S","380":"DAYIB CAFE","381":"DBAR","382":"DEEP ELLUM","383":"DELI OF COURSE","384":"DEM & TED INC.  PIZZA SHUTTLE","385":"DEMPSEY'S BAR & GRILLE","386":"DENO'S SUBS & PIZZA","387":"DERNA'S RESTAURANT","388":"DESTINO'S PIZZA","389":"DEVLIN'S RESTAURANT","390":"DIM SUM CHEF  INC.","391":"DIMITRIOS HOUSE OF PIZZA","392":"DING HO FAST FOOD","393":"DINO'S CAFE","394":"DOGWOOD CAFE","395":"DOLCE VITA","396":"DOLCE VITA (1696 Comm. Ave.)","397":"DOMINO'S PIZZA (277 MAIN ST. CHASN.)","398":"DONNA'S RESTAURANT","399":"DONOHUE CAFETERIA","400":"DOUZO JAPANESE RESTAURANT","401":"DOYLES CAFE","402":"DRAGON CHEF CHINESE REST.","403":"DRY DOCK CAFE","404":"DUBLIN HOUSE","405":"DUNKIN DONUT","406":"DUNKIN DONUTS (ALLSTON)","407":"DUNKIN DONUTS (BAY ROAD)","408":"DUNKIN DONUTS (CITY PLACE)","409":"DUNKIN DONUTS (WEST ROXBURY)","410":"DUNKIN DONUTS BLUE HILL AVE","411":"DUNKIN DONUTS'","412":"DUNKIN DONUTS'","413":"DUNKIN DONUTS'","414":"DUNKIN DONUTS(FRANKLIN)","415":"DUNKIN DONUTS(STATION DONUTS)","416":"DUNKIN DONUTS\/GALLERIA","417":"DUNKIN DONUTS\/HYDE PK AVE","418":"DUNKIN' DONUTS #0311","419":"DUNKIN' DONUTS (BRIGHTON)","420":"DUNKIN' DONUTS (LEGION DONUTS)","421":"DUNKIN' DONUTS(RMG DONUTS LLC)","422":"DUNKIN' DONUTS-WATERMARK","423":"DUNKIN' DONUTS\/BASKIN ROBINS","424":"DUNKIN' DONUTS\/WATERMARK","425":"DUNKIN'DONUTS\/WATERMARK","426":"DUNKIN\/DONUT\/WATERMARK","427":"Daily Catch","428":"Darryls Corner Bar & Kitchen","429":"Dash Cafe","430":"DelFriscos Double Eagle Steak House","431":"Delfino Restaurant","432":"Delicias Del Caribe","433":"Deparma","434":"Derne Street Deli","435":"Deuxave","436":"Dip It Sweet","437":"Domino's Pizza","438":"Domino's Pizza","439":"Domino's Pizza","440":"Domino's Pizza","441":"Domino's Pizza","442":"Domino's Pizza (695 Truman Pkwy)","443":"Donut-N-Donuts Inc.","444":"Dot 2 Dot Cafe","445":"Dot Tavern","446":"Dough East Boston","447":"Doughboy Donuts & Deli","448":"Down Home Delivery & Catering","449":"Dozzi","450":"Dragon Bowl","451":"Dragon Chef East","452":"Drink","453":"Drinking Fountain","454":"Dugout Inseat","455":"Dumpling Cafe Inc.","456":"Dumpling Gourmet","457":"Dumpling King","458":"Dunkin Donuts","459":"Dunkin Donuts","460":"Dunkin Donuts","461":"Dunkin Donuts","462":"Dunkin Donuts","463":"Dunkin Donuts","464":"Dunkin Donuts","465":"Dunkin Donuts","466":"Dunkin Donuts","467":"Dunkin Donuts","468":"Dunkin Donuts","469":"Dunkin Donuts","470":"Dunkin Donuts","471":"Dunkin Donuts (1447 Tremont St.)","472":"Dunkin Donuts (219 Cambridge)","473":"Dunkin Donuts (48 W Broadway)","474":"Dunkin Donuts (895 Morton St.)","475":"Dunkin Donuts (Canal St.)","476":"Dunkin Donuts (Causeway St.)","477":"Dunkin Donuts (Kenmore Sq. Donuts)","478":"Dunkin Donuts @ MBTA Station","479":"Dunkin Donuts Kiosk","480":"Dunkin Donuts(757 Centre St.)","481":"Dunkin Donuts\/1138 Washington St.","482":"Dunkin' Donuts","483":"Dunkin' Donuts","484":"Dunkin' Donuts","485":"Dunkin' Donuts","486":"Dunkin' Donuts","487":"Dunkin' Donuts","488":"Dunkin' Donuts","489":"Dunkin' Donuts","490":"Dunkin' Donuts","491":"Dunkin' Donuts","492":"Dunkin' Donuts","493":"Dunkin' Donuts(C.A. Donuts)","494":"Durgin Park Restaurant","495":"Durty Nellie's","496":"EAST OCEAN CITY","497":"EGLESTON PIZZA","498":"EL CHALAN","499":"EL EMBAJADOR RESTAURANT","500":"EL KIOSCO","501":"EL PAISA RESTAURANTE","502":"EL PENOL RESTAURANT","503":"EL POLLO DORENO","504":"ELITE DONUT SHOP","505":"EMBASSY SUITES BOSTON (FS)","506":"EMC CLUB","507":"EMILIOS PIZZA & SUBS","508":"EMMETS IRISH PUB","509":"EMPIRE GARDEN","510":"EQUATOR RESTAURANT","511":"ERIC LINDEMAN","512":"ETHEL & ANDY'S SUB SHOP","513":"EUGENE O' NEILLS","514":"EUREST @BOA CAFETERIA\/CATERING","515":"Earl of Sandwich","516":"East Boston Kitchen","517":"East Roof Production Kitchen","518":"Ecco","519":"Ecco Pizzeria","520":"Edu and Den's Restaurant","521":"El Dugout","522":"El Fongon Del La Morena","523":"El Oriental De Cuba","524":"El Paisa II","525":"El Pelon","526":"El Pelon Taqueria","527":"El Triunfo Restaurant","528":"Ellis Memorial Adult Day Health","529":"Emack & Bolio's","530":"Emack & Bolio's","531":"Emack & Bolio's","532":"Empanada's House","533":"Equal Exchange","534":"Erbaluce","535":"Erie Pub","536":"Esperia Grill & Rotisserie","537":"Espresso Love Cafe","538":"Estelle's","539":"Evrest Dining@Suffolk Construction","540":"Extreme Pita","541":"FAJITAS & RITAS INC.","542":"FARAH'S CAFE RESTAURANT","543":"FIG'S","544":"FIG'S","545":"FIGARO'S BOSTON DELICATESSEN","546":"FILIPPO'S","547":"FILL A BUSTER","548":"FIN'S SUSHI & GRILL","549":"FIN'S SUSHI & GRILL","550":"FINAGLE-A-BAGEL","551":"FINALE (ROOM FOR DESSERT LLC)","552":"FIRE & ICE","553":"FISHER COLLEGE","554":"FLAMERS CHARBROILED","555":"FLAMES RESTAURANT","556":"FLAMES RESTAURANT","557":"FLANN O'BRIENS","558":"FLAT BLACK COFFEE CO. LTD.","559":"FLAT IRON RESTAURANT AT BULFINCH HOTEL","560":"FLEMING'S PRIME STEAKHOUSE","561":"FLIK INTERNATIONAL","562":"FLORENTINE CAFFE","563":"FLORIAN RESTAURANT","564":"FLOUR BAKERY & CAFE","565":"FLOUR BAKERY & CAFE","566":"FOLEY SENIOR RESIDENCES","567":"FOOD WALL CHINESE","568":"FOREST HILLS PIZZA","569":"FOUR'S BOSTON","570":"FRANKLIN CAFE","571":"Falafel King","572":"Felcaro Pizzeria","573":"Fenway Cafe","574":"Fields Corner Cafe","575":"Finagle A Bagel","576":"Fins Sushi & Grill  Inc.","577":"Fins Sushi & Grill 2","578":"Fiorella's Express","579":"Fiouna's","580":"Firehouse Subs","581":"Fisher College Cafe","582":"Five Guys Burgers & Fries","583":"Five Horses Tavern","584":"Five Star Pizza & Grill","585":"Flat Black Coffee","586":"Flat Black Coffee Co.  Ltd.","587":"Flik International @ Merck & Co.","588":"Flour Bakery & Cafe","589":"Fogo de Chao - Churrascaria","590":"Fomu","591":"Fomu","592":"Four Seasons Hotel Boston","593":"Four Winds","594":"Fresh City","595":"Fresh Life Cafe @ Tuft's Medical Ctr.","596":"Freshii","597":"Friend Street Cafe","598":"Frio Rico","599":"Friturilandia & Grill","600":"Fromage","601":"Froyo World","602":"Fuel America","603":"FunTea Cafe","604":"Future Chefs","605":"GALLERIA UMBERTO","606":"GLOBE BAR & CAFE","607":"GOOD EATS PIZZA","608":"GRASSHOPPER VEGETARIAN","609":"GREAT BARBECU INC.","610":"GREAT CHEF ORIENT HEIGHTS","611":"GREEN DRAGON TAVERN","612":"GREENHILLS BAKERY","613":"GRIDDLER'S BURGERS & DOGS","614":"GRILL 23 AND BAR","615":"GROTTO","616":"GYPSY BAR","617":"Ga Ga Seafood Restaurant","618":"Galway House Inc","619":"Garden Halal Restaurant","620":"Gaslight and Greenlight Cafe","621":"Gavin Foundation Inc.","622":"Gelateria","623":"Gem Restaurant & Lounge","624":"Genki Ya of Boston","625":"Gennaro 5 North Square","626":"Ghazal Fine Indian Cuisine","627":"Giacomo's","628":"Giacomo's Restaurant","629":"Gigi Gelateria","630":"Gillette Cafeteria","631":"Ginger Exchange","632":"Glass Slipper","633":"Golden House (Washington St.)","634":"Goulston & Storrs","635":"Grain Exchange","636":"Grass Fed","637":"Grasshopper Cafe","638":"Grasshopper Creamery","639":"Great Chef","640":"Great Scott","641":"Great Taste Bakery and Restaurant","642":"Great Wok","643":"Green Briar","644":"Green T Coffee Shop","645":"Grove Hall Pizza","646":"Guckenheimer @ B.R.E. @ Blue Glass Cafe","647":"Guckenheimer @ Berkeley Cafe","648":"Guilt Nightclub\/Underbar","649":"Guira and Tambora Restaurant","650":"Guru The Caterer","651":"HALEY HOUSE BAKERY CAFE","652":"HALF TIME","653":"HARBORSIDE INN OF BOSTON","654":"HARRISON CAFE","655":"HARRY O'S","656":"HARVARD BUS.\/ALDRICH HALL","657":"HARVARD BUS.\/BAKER FACULTY","658":"HARVARD BUSINESS SCHOOL CAFETE","659":"HARVARD CLUB OF BOSTON","660":"HARVARD CLUB OF BOSTON","661":"HEBREW REHAB CENTER","662":"HENNESSY'S OF BOSTON","663":"HERRERA'S MEXICAN GRILL  INC.","664":"HIDDEN KITCHEN","665":"HIDYAN CAFE","666":"HIEN VUONG RESTAURANT","667":"HIGH SPOT DELI","668":"HIGHLAND TAP OF BOSTON INC.","669":"HILLEL","670":"HILLSTONE RESTAURANT","671":"HILTON BOSTON FINANCIAL DISTRICT","672":"HURRICANE O'REILLY'S","673":"HYATT CONF. & HOTEL (FS)","674":"Habibi's Lounge","675":"Hafun Cafe","676":"Halal Indian Cuisine","677":"Hampshire House Butcher Block","678":"Happy Garden","679":"Hard Rock Cafe","680":"Harp & Bard","681":"Harpoon Brewery Beer Hall","682":"Harry's All American Breakfast","683":"Harry's Bar & Grill","684":"Harvard Gardens","685":"Hen House","686":"Herrera's Burritos","687":"Hi Lab Cafe","688":"Hills Deli","689":"Hilton Boston Back Bay Coffee Bar","690":"Himayalan Bistro","691":"Holiday Inn Express","692":"Honey Dew Donuts","693":"Hong Kong 888 Cafe","694":"Hong Kong At Faneuil Hall","695":"Hong Kong Harbour","696":"Hong Ze","697":"Hoshi Japanese Restaurant","698":"Hot Pot Buffet","699":"House of Blues","700":"Howl at the Moon","701":"Hsin Hsin","702":"Hungry I","703":"IDEAL CAFE 'D PIZZA","704":"IDEAL SUB SHOP","705":"IKURA","706":"IL MONDO","707":"IL NIDO","708":"INBOUND PIZZA & RESTAURANT","709":"INTERMISSION TAVERN","710":"IRONSIDE GRILLE","711":"ISLAND STYLE INC.","712":"Icon aka Rumor","713":"Il Mondo Pizza","714":"Il Panino Restaurant","715":"Imperial Kitchen","716":"In Boston","717":"Infusions Tea Spa","718":"Institute Of Contemporary Art\/Water Cafe","719":"Intercontinental Boston - Rumba Bar","720":"Intercontinental Boston - Sushi Teq","721":"Internal Matter","722":"Irashai Sushi and Teriyaki","723":"Irish Village Inc.","724":"Iron Wok (Unit F-3)","725":"Island Creek Oyster Bar","726":"Itadaki","727":"J & J IRISH PUB & GRILLE","728":"J M Curley","729":"J P House of Pizza","730":"J P Kitchen","731":"J P Licks @ Charles Street","732":"J P Licks@Boylston St.","733":"J'S CAFE @BOS. W & S","734":"J. P. SEAFOOD CAFE INC.","735":"J. Pace & Son Uptown","736":"J.M.P. FINE INDIAN CUISINE","737":"J.P. LICKS INC.","738":"J.R.'S HIDEAWAY","739":"JAMES'S GATE","740":"JEANIE JOHNSTON PUB","741":"JENNY'S PIZZA","742":"JOE'S AMERICAN BAR & GRILL","743":"JOE'S AMERICAN BAR & GRILL","744":"JOE'S SUBS","745":"JOHN B. HYNES VET. MEM. CTR.","746":"JOSEPH'S PIZZA & SUBS","747":"JP LICKS @ BRIGHAM CIRCLE","748":"Jacob Wirth Restaurant","749":"Jacques","750":"Jade Garden Restaurant","751":"Jaho Coffee & Tea","752":"Jamba Juice","753":"Japanese Hot Pot","754":"Java City @ Simmons College","755":"Jerry Remy's Sports Bar & Grill","756":"Jeveli's","757":"Jillian's Billiard Club","758":"Jim's Restaurant and Deli","759":"Jo Jo Taipei","760":"Juba Market Cafe","761":"Juice Boston @ MBTA","762":"K O Catering and Pies","763":"KALIHARI GRILL","764":"KANTIN","765":"KASHMIR INDIAN RESTAURANT","766":"KELLEY'S SQ. PUB","767":"KFC","768":"KING AND I CORP.","769":"KING'S LANE LOUNGE & BILLIARDS","770":"KIPO'S PIZZERIA RESTAURANT","771":"KO Catering and Pies","772":"Kaju Tofu House","773":"Kaze Shabu Shabu","774":"Kelleher's Bar and Grille","775":"Kentucky Fried Chicken","776":"Kentucky Fried Chicken","777":"Kentucky Fried Chicken","778":"Kentucky Fried Chicken","779":"King Do","780":"Kingston Station","781":"Kung Fu Tea","782":"L STREET DINER","783":"L STREET TAVERN","784":"L'Espalier","785":"L'OSTERIA RESTAURANT","786":"L.A. Burdick Chocolate","787":"LA BELLE CAPOISE RESTAURANT","788":"LA CHIVA RESTAURANT","789":"LA FAMIGLIA RISTORANTE","790":"LA REINA","791":"LA SUMMA","792":"LA TERRAZA RESTAURANT","793":"LALA LUNCHEONETTE RESTAURANT","794":"LALA ROKH","795":"LAS PALMAS RESTAURANT","796":"LATINO RESTAURANT","797":"LC2\/LY1","798":"LEGAL SEAFOODS","799":"LEGAL SEAFOODS","800":"LFV","801":"LICKS CAFE","802":"LIMELIGHT STAGE & STUDIOS  INC.","803":"LIMONCELLO","804":"LIR","805":"LITTLE ASIA RESTAURANT","806":"LITTLE HOUSE ALTERNATIVE","807":"LOCONTES RESTAURANT","808":"LOLLICUP TEA ZONE","809":"LOS ARRIEROS REST","810":"LTK Bar and Kitchen and Legal Test Kitchen","811":"LUCKY BOSTON CHINESE REST.","812":"LUCKY'S","813":"LY4\/LB4\/LS4","814":"La Frontera Restaurant","815":"La Galleria 33","816":"La Mamma Pizza And More","817":"La Motta","818":"La Voile Brasserie","819":"Landmark Pizza @ North Station","820":"Langham Hotel","821":"Lanta Asian Cuisine","822":"Latinos Restaurant","823":"Left Field Inseat","824":"Left Field Pantry","825":"Legal Harborside","826":"Lenox Hotel (5 Food Serv. Loc.)","827":"Levi's Restaurant & Lounge","828":"Levy Premium Food Court 1","829":"Levy Premium Food Court 2","830":"Levy Premium Food Court 3","831":"Levy Premium Food Court 4","832":"Levy Premium Food Court 5","833":"Levy Premium Main Kitchen & Commissary","834":"Lilly Gourmet Pasta Express","835":"Lincoln Tavern","836":"Little Haiti International Cusine","837":"Little Lamb","838":"Little Pizza King","839":"Little Steve's Pizza","840":"Local 149","841":"Locale","842":"Lolita Cocina & Tequila Bar","843":"Lorettas Last Call","844":"Los Amigos Mexican Grill","845":"Lower Mills Pub","846":"Lucca Back Bay","847":"Lucca North End","848":"Lucy Ethopian Cafe","849":"MADONNA SHRINE","850":"MANGIA MANGIA","851":"MANULIFE","852":"MARCO POLO","853":"MASA","854":"MASS EYE AND EAR INFIRMARY","855":"MASS GEN.HOSP.\/THE PLAZA CAFE","856":"MASTER WOK","857":"MATTHEWS ARENA CONCESSION","858":"MAURIZIO'S","859":"MAY'S CAFE","860":"MC CORMICK & SCHMICK'S REST.","861":"MCDONALD'S REST","862":"MCGANN'S BOSTON","863":"MCKENNA'S CAFE","864":"MEDITERRANEAN GRILL","865":"MELA RESTAURANT","866":"MERENGUE RESTAURANT","867":"METRO SUBWAY","868":"METRO SUBWAY INC.","869":"METRO SUBWAY INC.","870":"METRO SUBWAY INC.","871":"METROPOLIS CAFE","872":"MEZZANINE COFFEE SHOP","873":"MI RANCHO RESTAURANT","874":"MIAMI RESTAURANT","875":"MIKE'S CITY DINER","876":"MIKE'S PASTRY INC.","877":"MILANO'S DELI","878":"MILK ST CAFE","879":"MILNER HOTEL","880":"MISONO GRILL","881":"MISONO RESTAURANT","882":"MISONO WOK","883":"MISSION BAR & GRILL","884":"MOBIDICK","885":"MONICA'S RESTAURANT","886":"MONTIEN RESTAURANT","887":"MOOGY'S SANDWICH SHOP INC.","888":"MORGAN HALL COFFEE CART","889":"MORGAN MEMORIAL CAFETERIA","890":"MOTHER ANNA'S","891":"MR. DOOLEYS BOSTON TAVERN","892":"MUL'S DINER","893":"MURPHY'S LAW","894":"MY COUSIN'S PLACE","895":"MY DINER","896":"Maki Maki","897":"Mama Blanca Restaurant","898":"Mana Escondido Cafe","899":"Mandarin House Restaurant","900":"Mandy And Joes Deli","901":"Mangia Neapolitan Pizzeria","902":"Maria's Taqueria","903":"Marketplace Cafe & Take Away","904":"Marriott Copley Plaza (28th Fl.)","905":"Mary Ann's Monday Morning  Inc.","906":"Maryann's Breakfast & Lunch","907":"Masona Grill","908":"Mass Bay Lines\/Freedom","909":"Mass Bay Lines\/Sam Clemens","910":"Mass General Hospital Cafe","911":"Massachusetts Eye & Ear Infirmary (Cart)","912":"Massachusetts Eye & Ear@ Longwood","913":"Massiminos Cucina","914":"Mattapan House of Pizza","915":"Max Brenner","916":"McDonald's","917":"McDonald's","918":"McDonald's","919":"McDonald's","920":"McDonald's","921":"McDonald's","922":"McDonald's","923":"McDonald's Restaurant","924":"McDonald's(3060 Washington St.)","925":"McGreevys","926":"Mcdonalds","927":"Media","928":"Mehak Restaurant","929":"Menton","930":"Metropolitan In Town Restaurant Bar","931":"Mi Pueblito Restaurant","932":"Midway Cafe","933":"Miel Brasserie","934":"Mikes Vending L L C @ Constitution Beach","935":"Millenium Restaurant & Grill","936":"Millennium Bostonian Hotel","937":"Minina's Cafe","938":"Mission Sushi & Wok","939":"Mixx Frozen Yogurt","940":"Mixx Frozen Yogurt*","941":"Mojitos Night Club & Lounge","942":"Moko","943":"Molina Restaurant","944":"Montecristo Mexican Grill","945":"Monumental Cupcakes @ JP Art Market","946":"Mooo...","947":"Morgan Lewis & Bockius LLP","948":"Morton's of Chicago","949":"Mr. G's Stuffin Muffin","950":"Mt. Olympic Pizza","951":"Mulligans","952":"Museum of Fine Arts Cafeteria","953":"Museum of Fine Arts New American Cafe","954":"Museum of Science","955":"My Thai Cafe Vegetarian & Bubble Tea Bristro","956":"Myers & Chang","957":"Mythos Pizza","958":"N.U. Stetson Hall East","959":"N.U. Stetson Hall West","960":"NAVY YARD BISTRO & WINE BAR","961":"NEPTUNE RESTAURANT","962":"NEW ENGLAND AQUARIUM CORP.","963":"NEW GOLDEN GATE RESTAURANT","964":"NEW HONG KONG RESTAURANT","965":"NEW SAIGON SANDWICH INC.","966":"NEW YORK FRIED CHICKEN","967":"NEW YORK FRIED CHICKEN & PIZZA","968":"NICK'S","969":"NICOLE'S PIZZA","970":"NINE ZERO HOTEL","971":"NIX'S MATE","972":"NIXON & PEABODY","973":"NO NAME","974":"NORTH STREET GRILLE & CAFE","975":"Napoles","976":"Napper Tandys","977":"Natalie's Pizza","978":"Nebo Ristorante\/Enoteca","979":"Neighborhoods","980":"Nevilles Bakery & Restaurant","981":"New Dong Khanh Restaurant","982":"New England Center For Arts & Technology","983":"New Jumbo Seafood","984":"New Market Pizza & Grill","985":"New Moon Villa Restaurant","986":"New York Fried Chicken","987":"New York Fried Chicken (1251 River St.)","988":"New York Pizza","989":"Nfarra 2","990":"Nhu Lan Fast Food","991":"Nicholas Sub & Pizza Shop","992":"Nick's Pizza & Seafood","993":"Nicks","994":"Nico Restaurant","995":"Nino's Pizza","996":"No. 1 Chinese Restaurant","997":"No. 9 Park LLC","998":"North End Zone (meatball OB)","999":"Northeastern University\/Cafe Crossing","1000":"Nos Casa Cafe","1001":"Nunzio's Pizzeria","1002":"O YA RESTAURANT","1003":"O Yummy Cuisine","1004":"O! Deli","1005":"O'Brien's Pub","1006":"O'Saraceno","1007":"ODYSSEY CRUISES","1008":"OLIVEIRA'S RESTAURANT","1009":"OMNI PARKER HOUSE","1010":"ONLY ONE JAMAICAN RESTAURANT","1011":"ORIENTAL HOUSE","1012":"ORIENTAL HOUSE","1013":"Off the Boat","1014":"One Restaurant & Lounge","1015":"Osaka Express","1016":"Our House","1017":"P S Gourmet Coffee","1018":"P.F.CHANG'S CHINA BISTRO","1019":"PAD THAI CAFE","1020":"PANDA EXPRESS #208","1021":"PANIFICIO","1022":"PAPA GINO'S","1023":"PAPA GINO'S","1024":"PAPA GINO'S","1025":"PAPA RINO'S PIZZA","1026":"PAPA'S ROAST BEEF AND PIZZA","1027":"PARADISE","1028":"PARADISE BAKERY & CAFE","1029":"PARAMOUNT","1030":"PARLA","1031":"PASTEUR RESTAURANT I I","1032":"PATS PIZZA","1033":"PEACH FARM RESTAURANT","1034":"PEKING HOUSE","1035":"PERKIN'S SQ DELI","1036":"PHO 2000","1037":"PHO AND I  INC.","1038":"PIERROT","1039":"PIZZA OGGI","1040":"PIZZA PIE-ER","1041":"PIZZERIA REGINA @ PRUDENTIAL","1042":"PIZZERIA REGINA OF SO. STATION","1043":"PLAYWRIGHT CAFE'","1044":"PLAZA DELI II","1045":"POCKETS BILLIARD CLUB","1046":"PORTER BELLY'S","1047":"PORTERS BAR & GRILL","1048":"PREZZA","1049":"PRIEL'S RESTAURANT PIZZA & MORE","1050":"PRIMO'S RESTAURANT","1051":"PROVINCE PLACE","1052":"PU PU PLATTER RESTAURANT","1053":"PUNTO ROJO","1054":"PURPLE CACTUS","1055":"PUSHCART CAFE","1056":"Pagliuca's Restaurant","1057":"Palm  Restaurant  (1 International Place)","1058":"Panera Bread # 1636","1059":"Panera Bread #1415","1060":"Panera Bread Bakery Cafe","1061":"Panera Bread Bakery Cafe (Stuart St.)","1062":"Panera Bread Bakery\/Cafe # 1411","1063":"Panza","1064":"Paolo's","1065":"Papa Gino's","1066":"Papa Razzi","1067":"Papagayo","1068":"Papagayo","1069":"Papagayo","1070":"Paraiso Restaurant","1071":"Parish Cafe","1072":"Parkside Cafe 1","1073":"Parkside Cafe 2","1074":"Pasta Beach","1075":"Pat's Kitchen","1076":"Pat's Place","1077":"Pauli's","1078":"Pavement Coffee House","1079":"Pavement Coffeehouse","1080":"Pavement Coffeehouse","1081":"Pavement Coffeehouse","1082":"Pavia","1083":"Pavillion Restaurant","1084":"Pedro's Tacos","1085":"Peet's Coffee Shop","1086":"Pellinos Ristorante","1087":"Perry's Catering","1088":"Pete's Seafood","1089":"Petit Robert Central","1090":"Pho Hoa Restaurant","1091":"Pho Le","1092":"Phuket Thai  Restaurant","1093":"Piattini","1094":"Pic A Pasta","1095":"Pikaichi","1096":"Pin Bochinche Restaurant","1097":"Pinkberry","1098":"Pino's Pizza House","1099":"Piperi Restaurant","1100":"Pita Kabob","1101":"Pita Thyme","1102":"Pizza 24","1103":"Pizza Days","1104":"Pizza E.T.C.","1105":"Pizzanini","1106":"Pizzatalia","1107":"Pizzeria Regina","1108":"Players Club","1109":"Pleasant Cafe","1110":"Pollo Campero","1111":"Pollos A La Brasa Beto's","1112":"Popeyes","1113":"Popeyes Chicken & Biscuit","1114":"Popeyes Louisanna Kitchen","1115":"Potbelly Sandwich Shop","1116":"Potbelly Sandwich Shop (275 Washington St.)","1117":"Potluck Cafe","1118":"Pret A Manger","1119":"Pret A Manger (185 Franklin St.)","1120":"Prima e Dopo","1121":"Project Place Gatehouse","1122":"PunJab Palace","1123":"QUATTRO RISTORANTE  GRILL & PIZZERIA","1124":"Qdoba Mexican Grill","1125":"Qdoba Mexican Grill #2207","1126":"Qdoba Mexican Grill #2592","1127":"Quality Mart","1128":"Que  Padre","1129":"RABIA'S RESTAURANT","1130":"REDNECKS ROAST BEEF\/CAFE MITI","1131":"RESTAURANT CLIO","1132":"RF ROOF","1133":"RFV","1134":"RICCARDO'S RISTORANTE","1135":"RIDDICK'S HOUSE OF PIZZA","1136":"RINCON LIMENO","1137":"RINO'S PIZZA","1138":"RISTORANTE EUNO","1139":"RISTORANTE LUCIA","1140":"RITZ-CARLTON BOSTON COMMON","1141":"RIVER STREET GRILL","1142":"RIVERSIDE CAFE-LEV1","1143":"RIZZO'S PIZZA","1144":"ROCHE BROS. SUPERMARKET","1145":"ROCK BOTTOM REST. & BREWERY","1146":"ROSLINDALE HOUSE OF PIZZA","1147":"ROYAL ROAST BEEF & SEAFOOD","1148":"Raising Cane's","1149":"Ray & Joan Kruk Community Center","1150":"Readville Tavern Inc.","1151":"Rebecca's Cafe","1152":"Rebecca's Cafe","1153":"Rebecca's Cafe","1154":"Rebecca's Cafe","1155":"Rebecca's Cafe Inc.","1156":"Red Barn Coffee Roasters","1157":"Red Barn Coffee Roasters (FHSq.)","1158":"Red Hat Cafe","1159":"Red Lantern","1160":"Red Line Pizza and Grill","1161":"Redd's In Rozzie","1162":"Refuge Cafe","1163":"Regal","1164":"Reggae On the Grill","1165":"Regina Pizza of Allston","1166":"Render Coffee","1167":"Residence Inn Fenway - Boston","1168":"Restaurant Laura","1169":"Restaurant at 33 Hancock","1170":"Restaurante Cesaria","1171":"Rice Bowl","1172":"Richy's","1173":"Right Field Inseat","1174":"Right Field Pantry","1175":"Ristorante Toscano Inc.","1176":"River Grille Restaurant & Cafe Inc.","1177":"Roast Beast of Boston","1178":"Robinwood Cafe & Grille","1179":"Rod Dee 2 Thai Cuisine","1180":"Roka","1181":"Rome Pizza","1182":"Rondo's Sub Shop","1183":"Roost Bistro on Newbury","1184":"Rosticeria Cancun","1185":"Rox Diner","1186":"Royale","1187":"Rustic Kitchen","1188":"Ruth's Chris Steak House","1189":"SABATINO'S ITALIAN KITCHEN","1190":"SAKURAABANA INC","1191":"SALSA'S MEXICAN GRILLED","1192":"SANDWICH EXPRESS","1193":"SBARRO RESTAURANT","1194":"SCOLLAY SQUARE","1195":"SHANGHAI GATEWAY RESTAURANT","1196":"SHEA'S TAVERN","1197":"SHRINERS' HOSP. FOR CHILDREN","1198":"SIDE STREET CAFE","1199":"SIDEWALK CAFE","1200":"SILVERTONE BAR & GRILL","1201":"SIMCO'S INC.","1202":"SIMCO'S RESTAURANT","1203":"SIMMONS COLLEGE-THE FENS","1204":"SINGH'S ROTI SHOP","1205":"SIP","1206":"SMITH & WOLLENSKY OF BOSTON","1207":"SODEXO @ CABOT CORP.","1208":"SODEXO UMASS-ATRIUM","1209":"SODEXO Wheelock College Dining Room 2nd Fl.","1210":"SODEXO\/JAZZMAN","1211":"SONSIE","1212":"SOPHIA'S GROTTO","1213":"SORELLINA RESTAURANT","1214":"SOUPER SALAD","1215":"SOUTH BOSTON YACHT CLUB","1216":"SOUTHERN BAPTIST CHURCH","1217":"SPEEDY CHEN'S CHINESE RESTAURANT","1218":"SPIKE'S JUNKYARD DOGS","1219":"SPORTS CONNECTION BAR & GRILL","1220":"SPORTS GRILLE BOSTON","1221":"SPRING ST. CAFE","1222":"SPUKIES PIZZA RESTAURANT","1223":"SQUEALING PIG","1224":"STALEX RESTAURANT","1225":"STANDISH VILLAGE","1226":"STARBUCKS COFFEE","1227":"STARBUCKS COFFEE # 7823","1228":"STARBUCKS COFFEE # 864","1229":"STARBUCKS COFFEE # 870","1230":"STARBUCKS COFFEE CO.","1231":"STARBUCKS COFFEE INC.","1232":"STARBUCKS COFFEE KIOSK","1233":"STASH'S PIZZA","1234":"STATE ST\/FINANCIAL CENTER(CAFETERIA)","1235":"STEFANO'S PIZZA","1236":"STELLA","1237":"STEPHANIE'S ON NEWBURY","1238":"STREGA","1239":"SUFFOLK UNIVERSITY CAFE","1240":"SUGAR BOWL","1241":"SUISHAYA RESTAURANT","1242":"SULLY'S PUB","1243":"SULTAN'S KITCHEN","1244":"SUN PIZZA","1245":"SUN-AH'S CAFE","1246":"SUSAN BAILIS ASSISTED LIVING","1247":"SUSHI TIME","1248":"SYMPHONY SUSHI","1249":"Sa Pa","1250":"Saigon Restaurant","1251":"Saints Diner","1252":"Sakura Japan","1253":"Sal's Pizza\/Bakery","1254":"Sals Lunch","1255":"Salty Pig","1256":"Sams","1257":"Samurai Boston","1258":"Samurai Express","1259":"Samurai Kuang Eatery","1260":"Sandella's Flatbread Cafe","1261":"Santander Bank Coffee Bar","1262":"Santander Bank Executive Dining Room","1263":"Santo Domingo  Restaurant","1264":"Sarah Care","1265":"Sarku Japan","1266":"Sate Grill","1267":"Saturday Afternoon","1268":"Saus Boston","1269":"Savin Bar And Kitchen","1270":"Savin Hill Yacht Club","1271":"Savin Scoops","1272":"Scali Deli Cafe","1273":"Scampo","1274":"Scholars Restaurant","1275":"Schraffts Center Cafe","1276":"Scoozi","1277":"Scoozi (237 Newbury St.)","1278":"Seaport Hotel","1279":"Seaside Cafe","1280":"Sebastians Cafe","1281":"Seller's Cafe@N.E. College of Optometry","1282":"Seoul","1283":"Seven Star Street Bistro","1284":"Seven's Ale House","1285":"Shabu Zen Restaurant","1286":"Shanghai Social Club","1287":"Shojo","1288":"Showa Womens Institution","1289":"Siam Bistro","1290":"Silver Slipper","1291":"Silvio O. Conte Forum East Roof 2A","1292":"Silvio O. Conte Forum East Roof 2B","1293":"Silvio O. Conte Forum East Roof 2C","1294":"Silvio O. Conte Forum East Roof 2D","1295":"Silvio O. Conte Forum East Roof 3A","1296":"Silvio O. Conte Forum East Roof 3B","1297":"Silvio O. Conte Forum East Roof Eagle Cart","1298":"Silvio O. Conte Forum Yawkey 4th Fl.","1299":"Sip Wine Bar & Kitchen","1300":"Slade's Bar & Grill","1301":"Slate","1302":"Sleeper St. Cafe","1303":"Smoothie King","1304":"Snappy Sushi","1305":"Society On High","1306":"Sodexo @ Genzyme Allston","1307":"Sol Azteca","1308":"Somerset Club","1309":"Sonny's Restaurant","1310":"Sorella's","1311":"Sorelle","1312":"Soul Fire","1313":"Soulfire","1314":"South End Buttery(314 Shawmut Ave.)","1315":"South End Pita","1316":"South St. Diner","1317":"Spagnoulos","1318":"Sportello","1319":"Spring House","1320":"Squeeze Cafe & Juice Bar","1321":"St. Elizabeth's Medical Center","1322":"St. Mary's Women And Children's Ctr.","1323":"Star Markets#7576\/538","1324":"Starbucks","1325":"Starbucks Coffee","1326":"Starbucks Coffee","1327":"Starbucks Coffee","1328":"Starbucks Coffee # 10599","1329":"Starbucks Coffee # 7234","1330":"Starbucks Coffee # 7531","1331":"Starbucks Coffee # 7535","1332":"Starbucks Coffee # 7544","1333":"Starbucks Coffee # 7564","1334":"Starbucks Coffee # 7805","1335":"Starbucks Coffee # 830","1336":"Starbucks Coffee # 869","1337":"Starbucks Coffee # 883","1338":"Starbucks Coffee #9463","1339":"Starbucks Coffee Co.","1340":"Starbucks Coffee Co. #7808","1341":"Starbucks Coffee Co. #872","1342":"Starbucks Coffee Co. #875","1343":"Starbucks Coffee Company","1344":"State Room","1345":"State Street Express @MBTA State St. Line","1346":"Stats Bar & Grille","1347":"Sterlings","1348":"Steve's Greek Cuisine Inc.","1349":"Sticky Rice Cafe","1350":"Stoddard's Fine Food & Ale","1351":"Stone Hearth Pizza Co.","1352":"Stop & Shop Supermarket #075","1353":"Stop & Shop Supermarkt Co.","1354":"Stop & Taste","1355":"Storyville","1356":"Subway","1357":"Subway","1358":"Subway","1359":"Subway","1360":"Subway","1361":"Subway","1362":"Subway","1363":"Subway","1364":"Subway","1365":"Subway (1438 Commonwealth Ave.)","1366":"Subway (1868 Centre St.)","1367":"Subway (315 Centre St.)","1368":"Subway (334 Mass. Ave.)","1369":"Subway (76 Summer St.)","1370":"Suffolk University Law School","1371":"Sullivan's Restaurant","1372":"Sullivan's Tap","1373":"Summer Shack","1374":"Super Fusion Express","1375":"Super Stop & Shop","1376":"Supreme House of Pizza","1377":"Surf City Squeeze","1378":"Sweet Life Bakery and Cafe","1379":"Sweet Pepper Restaurant","1380":"Swish Shabu","1381":"Swissbakers","1382":"T'S PUB","1383":"TACO MEX","1384":"TACOMANIA RESTAURANT","1385":"TAIWAN CAFE","1386":"TALK AND WOK CAFE","1387":"TANGIERINO","1388":"TANTRIC INDIA BISTRO","1389":"TAPEO RESTAURANT & TAPAS BAR","1390":"TAQUERIA EL CARRIZAL","1391":"TAQUERIA JALISCO","1392":"TARANTA","1393":"TASCA RESTAURANT","1394":"TASTE OF THE TOWN","1395":"TATO'S PIZZERIA & SUB SHOP","1396":"TEATRO","1397":"TEN TABLES","1398":"TERRAMIA RISTORANTE","1399":"THAI ACCENT","1400":"THAI BASIL","1401":"THAI DISH RESTAURANT","1402":"THE BARKING CRAB","1403":"THE BELVEDERE CONDOMINIUM","1404":"THE BOSTON ICE CREAM FACTORY","1405":"THE CAFE ON NEW CHARDON ST.","1406":"THE CATERED AFFAIR @ BOS. PUBLIC LIBRARY(T.O.)","1407":"THE CATERED AFFAIR @ BOSTON PUBLIC LIBRARY","1408":"THE CHARLES PLAYHOUSE","1409":"THE FIELD HOUSE","1410":"THE GOOD LIFE","1411":"THE GRAND CANAL","1412":"THE HARP","1413":"THE HILL TAVERN","1414":"THE HUB PUB","1415":"THE JUNCTION","1416":"THE LOWER DEPTHS","1417":"THE MASTER MCGRATH","1418":"THE POINT","1419":"THE TAM","1420":"THE TAP","1421":"THE UNION LOUNGE","1422":"THE UNIVERSITY OF MASSACHUSETTS CLUB","1423":"THE WAPO TACO","1424":"THEO'S COZY CORNER RESTAURANT","1425":"TICO","1426":"TOM ENGLISH CAFE","1427":"TOPASIO RESTAURANT","1428":"TORO","1429":"TOUCHIE'S SHAMROCK PUB","1430":"TRATTORIA TOSCANA","1431":"TREMONT CAFETERIA","1432":"TREMONT HOUSE OF PIZZA","1433":"TRIDENT BOOKSELLERS AND CAFE","1434":"TROQUET","1435":"TWIN DONUTS","1436":"Taj Boston","1437":"Taqueria Cancun","1438":"Target Pizza","1439":"Taste of Eden","1440":"Tasty Burger","1441":"Tasty Burger.","1442":"Tavern At End Of The World","1443":"Tavern Club","1444":"Tavern In The Square","1445":"Tavern Road","1446":"Telegraph Hill","1447":"Temple Place Cafe","1448":"Teriyaki House","1449":"Teriyaki House","1450":"Thai Place Restaurant","1451":"Thaitation","1452":"The Ames Hotel Dining Room  Patio & 2 Bars","1453":"The Avenue Bar & Grill","1454":"The Avenue Grille","1455":"The Beehive","1456":"The Best Little Restaurant","1457":"The Brahmin","1458":"The Centre Bar","1459":"The Clubs @ Charles River Park","1460":"The Copley Square Hotel","1461":"The Corner Pub of Chinatown","1462":"The Corner Tavern","1463":"The Draft Bar & Grill","1464":"The Gallows","1465":"The Greatest Bar","1466":"The Hawthorne","1467":"The Inn @ St. Botolph","1468":"The Juice Bar","1469":"The Kitchen","1470":"The Landing","1471":"The Lansdowne","1472":"The Littlest Bar","1473":"The Market","1474":"The North Star","1475":"The Oceanaire Seafood Room","1476":"The Olive Garden Italian Restaurant # 1674","1477":"The Paramount","1478":"The Porter Cafe","1479":"The Pour House","1480":"The Q","1481":"The Real Deal","1482":"The Real Deal(1936 Beacon St.)","1483":"The Reserve","1484":"The Restaurant @ Boston Athletic Club","1485":"The Rotisserie","1486":"The Skating Club of Boston","1487":"The Times Irish Pub & Restaurant","1488":"The Wholy Grain","1489":"The Wild Rover Tavern","1490":"Thinking Cup L L C","1491":"Thomson Reuters","1492":"Thomson Reuters (Starbucks)","1493":"Thornton's Restaurant","1494":"Thorntons Fenway Grille","1495":"Three Scoops","1496":"Tignda and Taqueria Guadalajara","1497":"Tin Tin Buffet","1498":"Tip Tap Room","1499":"Tom English Cottage","1500":"Toni Ann's","1501":"Tonic Restaurant","1502":"Tony's Place","1503":"Top Griyo","1504":"Top of The Hill","1505":"Tossed","1506":"Tostado","1507":"Towne","1508":"Trade","1509":"Trattoria Andiamo","1510":"Trattoria Newbury","1511":"Tremont 647","1512":"Tres Gatos Cafe","1513":"Tu Metapan Restaurant","1514":"Twelve Bens","1515":"Typhoon Restaurant","1516":"UGIS SUBS","1517":"UNION OYSTER HOUSE","1518":"UNIVERSITY HOUSE OF PIZZA","1519":"Uburger","1520":"Ugi's Pizza","1521":"Umai Japanese Restaurant","1522":"Undine Cafe @ Caturano Co.","1523":"Unidine Corporation","1524":"Union Club of Boston","1525":"University Club of Boston","1526":"Uno Chicago Grill","1527":"Uno Chicago Grill","1528":"Uno Due Go","1529":"VANILLE-BAKERY & PASTRY","1530":"VAUGHN'S FISH N CHIPS","1531":"VENEZIA RESTAURANT (HARBOR LIGHTS)","1532":"VHP","1533":"VINA ROAST","1534":"VITO'S","1535":"VIVA MI AREPA","1536":"VOLLE NOLLE","1537":"Van's Restaurant & Bar","1538":"Vee Vee","1539":"Vejigamtes Restaurant","1540":"Victoria Seafood","1541":"Victoria's Diner","1542":"Viga","1543":"Viga","1544":"Viga (133 Pearl Street)","1545":"Viga Italian Eatery","1546":"Viga-The Deck @ Digitas Co.","1547":"Villa Francesca","1548":"Villa Sombrero Cafe","1549":"Village Pizza & Grill","1550":"Village Sushi & Grill","1551":"Vintage Lounge","1552":"Viva Burrito","1553":"Vlora","1554":"W Boston Banquet Rooms & Kitchen","1555":"W Boston Library Bar","1556":"W Boston Market by Jean George & Emp.Caf.","1557":"WAI WAI ICE CREAM SHOP","1558":"WALLY'S","1559":"WARREN TAVERN","1560":"WATERFRONT CAFE","1561":"WBZ Cafe","1562":"WENDY'S OLD FASHIONED HAMBURE","1563":"WENDY'S OLD FASHIONED HAMBURERS","1564":"WEST END HOUSE\/BOYS-GIRLS CLUB","1565":"WEST GARDEN CHINESE","1566":"WESTBURY RESTAURANT","1567":"WHITE HORSE TAVERN","1568":"WHOLE FOODS MARKET","1569":"WHOLE FOODS MARKET(Cambridge St.)","1570":"WICH ! T","1571":"WILD GREENS","1572":"WINDY CITY AT ADAMS VILLAGE","1573":"WONDER SPICE CAFE","1574":"WONGS","1575":"WOODY'S GRILL & TAP","1576":"Walgreens","1577":"Warehouse Bar & Grille","1578":"West Napoli Pizza","1579":"Wheels Up Club","1580":"Whiskey's Steakhouse & Saloon","1581":"William's Tavern","1582":"Wing's Kitchen","1583":"Wings Over Boston","1584":"Wingz Xpress","1585":"Winsor DimSum Cafe","1586":"Wired Puppy","1587":"Wok 'N Talk","1588":"Woodys Pizza","1589":"Wyndham Boston Beacon Hill-The Dean's List","1590":"XINH XINH RESTAURANT","1591":"Y06","1592":"YADA YADA BAKERY CAFE","1593":"YANET RESTAURANT","1594":"YAWKEY CENTER \"COFFEE SOUTH\"","1595":"YAWKEY CLUB OF ROXBURY","1596":"YONG KONG","1597":"YUM MEE GARDEN","1598":"Yale Appliance & Lighting","1599":"Yamato Japanese Cuisine","1600":"Yanes Burrito's","1601":"Yard House","1602":"Yely's Coffee Shop","1603":"Yo Berry","1604":"Yummy Yummy","1605":"ZESTO'S PIZZA","1606":"Zaz Restaurant","1607":"Zen Restaurant","1608":"Ziti's Express","1609":"Zo","1610":"Zocalo Cocina Mexicana","1611":"Zume's Coffee House","1612":"city landing"},"Zip":{"0":2132.0,"1":2136.0,"2":2108.0,"3":2125.0,"4":2116.0,"5":2111.0,"6":2199.0,"7":2108.0,"8":2108.0,"9":2108.0,"10":2129.0,"11":2131.0,"12":2134.0,"13":2127.0,"14":2120.0,"15":2116.0,"16":2115.0,"17":2114.0,"18":2110.0,"19":2113.0,"20":2118.0,"21":2127.0,"22":2120.0,"23":2126.0,"24":2111.0,"25":2127.0,"26":2110.0,"27":2127.0,"28":2122.0,"29":2109.0,"30":2113.0,"31":2114.0,"32":2125.0,"33":2118.0,"34":2109.0,"35":2115.0,"36":2110.0,"37":2114.0,"38":2135.0,"39":2125.0,"40":2124.0,"41":2136.0,"42":2113.0,"43":2116.0,"44":2115.0,"45":2135.0,"46":2116.0,"47":2115.0,"48":2116.0,"49":2111.0,"50":2132.0,"51":2114.0,"52":2134.0,"53":2135.0,"54":2135.0,"55":2135.0,"56":2135.0,"57":2135.0,"58":2129.0,"59":2128.0,"60":2113.0,"61":2128.0,"62":2132.0,"63":2114.0,"64":2111.0,"65":2119.0,"66":2116.0,"67":2131.0,"68":2119.0,"69":2114.0,"70":2134.0,"71":2115.0,"72":2109.0,"73":2114.0,"74":2115.0,"75":2116.0,"76":2215.0,"77":2127.0,"78":2110.0,"79":2111.0,"80":2134.0,"81":2116.0,"82":2125.0,"83":2108.0,"84":2215.0,"85":2110.0,"86":2116.0,"87":2215.0,"88":2134.0,"89":2113.0,"90":2119.0,"91":2135.0,"92":2116.0,"93":2199.0,"94":2128.0,"95":2114.0,"96":2215.0,"97":2116.0,"98":2116.0,"99":2109.0,"100":2134.0,"101":2109.0,"102":2124.0,"103":2132.0,"104":2131.0,"105":2108.0,"106":2122.0,"107":2131.0,"108":2115.0,"109":2135.0,"110":2124.0,"111":2115.0,"112":2113.0,"113":2127.0,"114":2110.0,"115":2122.0,"116":2110.0,"117":2108.0,"118":2113.0,"119":2215.0,"120":2135.0,"121":2201.0,"122":2108.0,"123":2130.0,"124":2115.0,"125":2129.0,"126":2115.0,"127":2116.0,"128":2116.0,"129":2111.0,"130":2109.0,"131":2116.0,"132":2108.0,"133":2131.0,"134":2215.0,"135":2128.0,"136":2108.0,"137":2210.0,"138":2130.0,"139":2215.0,"140":2109.0,"141":2114.0,"142":2111.0,"143":2136.0,"144":2109.0,"145":2108.0,"146":2111.0,"147":2108.0,"148":2130.0,"149":2113.0,"150":2116.0,"151":2199.0,"152":2116.0,"153":2113.0,"154":2115.0,"155":2134.0,"156":2134.0,"157":2110.0,"158":2130.0,"159":2108.0,"160":2116.0,"161":2215.0,"162":2116.0,"163":2114.0,"164":2116.0,"165":2109.0,"166":2111.0,"167":2215.0,"168":2134.0,"169":2115.0,"170":2210.0,"171":2119.0,"172":2119.0,"173":2126.0,"174":2130.0,"175":2215.0,"176":2135.0,"177":2128.0,"178":2109.0,"179":2110.0,"180":2116.0,"181":2135.0,"182":2116.0,"183":2215.0,"184":2116.0,"185":2134.0,"186":2114.0,"187":2124.0,"188":2215.0,"189":2215.0,"190":2199.0,"191":2110.0,"192":2111.0,"193":2116.0,"194":2116.0,"195":2125.0,"196":2125.0,"197":2134.0,"198":2109.0,"199":2111.0,"200":2116.0,"201":2109.0,"202":2109.0,"203":2118.0,"204":2109.0,"205":2110.0,"206":2111.0,"207":2116.0,"208":2116.0,"209":2215.0,"210":2131.0,"211":2130.0,"212":2115.0,"213":2115.0,"214":2115.0,"215":2135.0,"216":2134.0,"217":2126.0,"218":2110.0,"219":2108.0,"220":2128.0,"221":2215.0,"222":2131.0,"223":2121.0,"224":2134.0,"225":2120.0,"226":2119.0,"227":2128.0,"228":2118.0,"229":2120.0,"230":2127.0,"231":2215.0,"232":2115.0,"233":2135.0,"234":2128.0,"235":2114.0,"236":2127.0,"237":2113.0,"238":2108.0,"239":2199.0,"240":2134.0,"241":2113.0,"242":2125.0,"243":2116.0,"244":2108.0,"245":2130.0,"246":2124.0,"247":2118.0,"248":2115.0,"249":2114.0,"250":2136.0,"251":2120.0,"252":2116.0,"253":2110.0,"254":2115.0,"255":2118.0,"256":2118.0,"257":2124.0,"258":2115.0,"259":2111.0,"260":2113.0,"261":2134.0,"262":2126.0,"263":2128.0,"264":2132.0,"265":2122.0,"266":2109.0,"267":2116.0,"268":2125.0,"269":2115.0,"270":2130.0,"271":2127.0,"272":2134.0,"273":2109.0,"274":2127.0,"275":2127.0,"276":2215.0,"277":2130.0,"278":2119.0,"279":2135.0,"280":2132.0,"281":2116.0,"282":2116.0,"283":2127.0,"284":2215.0,"285":2127.0,"286":2128.0,"287":2125.0,"288":2215.0,"289":2115.0,"290":2118.0,"291":2130.0,"292":2111.0,"293":2108.0,"294":2134.0,"295":2108.0,"296":2128.0,"297":2114.0,"298":2116.0,"299":2130.0,"300":2113.0,"301":2113.0,"302":2110.0,"303":2130.0,"304":2124.0,"305":2128.0,"306":2113.0,"307":2108.0,"308":2109.0,"309":2115.0,"310":2210.0,"311":2108.0,"312":2109.0,"313":2130.0,"314":2110.0,"315":2134.0,"316":2125.0,"317":2111.0,"318":2118.0,"319":2135.0,"320":2135.0,"321":2116.0,"322":2111.0,"323":2111.0,"324":2124.0,"325":2124.0,"326":2111.0,"327":2135.0,"328":2110.0,"329":2108.0,"330":2110.0,"331":2111.0,"332":2215.0,"333":2215.0,"334":2118.0,"335":2215.0,"336":2115.0,"337":2116.0,"338":2116.0,"339":2125.0,"340":2116.0,"341":2132.0,"342":2114.0,"343":2135.0,"344":2210.0,"345":2210.0,"346":2210.0,"347":2210.0,"348":2135.0,"349":2135.0,"350":2135.0,"351":2135.0,"352":2135.0,"353":2135.0,"354":2135.0,"355":2135.0,"356":2135.0,"357":2113.0,"358":2118.0,"359":2116.0,"360":2111.0,"361":2111.0,"362":2109.0,"363":2110.0,"364":2110.0,"365":2111.0,"366":2128.0,"367":2130.0,"368":2124.0,"369":2116.0,"370":2125.0,"371":2128.0,"372":2116.0,"373":2135.0,"374":2119.0,"375":2134.0,"376":2116.0,"377":2116.0,"378":2128.0,"379":2117.0,"380":2119.0,"381":2125.0,"382":2134.0,"383":2127.0,"384":2128.0,"385":2136.0,"386":2132.0,"387":2131.0,"388":2136.0,"389":2135.0,"390":2134.0,"391":2124.0,"392":2111.0,"393":2113.0,"394":2130.0,"395":2113.0,"396":2135.0,"397":2129.0,"398":2128.0,"399":2114.0,"400":2116.0,"401":2130.0,"402":2135.0,"403":2210.0,"404":2125.0,"405":2210.0,"406":2134.0,"407":2130.0,"408":2116.0,"409":2132.0,"410":2121.0,"411":2109.0,"412":2115.0,"413":2199.0,"414":2110.0,"415":2131.0,"416":2115.0,"417":2136.0,"418":2118.0,"419":2135.0,"420":2131.0,"421":2128.0,"422":2109.0,"423":2116.0,"424":2111.0,"425":2110.0,"426":2111.0,"427":2113.0,"428":2118.0,"429":2135.0,"430":2210.0,"431":2131.0,"432":2125.0,"433":2128.0,"434":2114.0,"435":2116.0,"436":2113.0,"437":2127.0,"438":2128.0,"439":2131.0,"440":2134.0,"441":2215.0,"442":2136.0,"443":2129.0,"444":2124.0,"445":2125.0,"446":2128.0,"447":2127.0,"448":2124.0,"449":2128.0,"450":2115.0,"451":2131.0,"452":2210.0,"453":2130.0,"454":2115.0,"455":2111.0,"456":2111.0,"457":2111.0,"458":2108.0,"459":2110.0,"460":2111.0,"461":2114.0,"462":2115.0,"463":2116.0,"464":2122.0,"465":2127.0,"466":2128.0,"467":2130.0,"468":2134.0,"469":2135.0,"470":2136.0,"471":2120.0,"472":2134.0,"473":2127.0,"474":2126.0,"475":2114.0,"476":2114.0,"477":2215.0,"478":2116.0,"479":2110.0,"480":2130.0,"481":2118.0,"482":2108.0,"483":2110.0,"484":2116.0,"485":2119.0,"486":2120.0,"487":2124.0,"488":2125.0,"489":2127.0,"490":2129.0,"491":2130.0,"492":2210.0,"493":2132.0,"494":2109.0,"495":2109.0,"496":2111.0,"497":2119.0,"498":2128.0,"499":2130.0,"500":2128.0,"501":2128.0,"502":2128.0,"503":2128.0,"504":2128.0,"505":2128.0,"506":2115.0,"507":2116.0,"508":2108.0,"509":2111.0,"510":2118.0,"511":2114.0,"512":2127.0,"513":2130.0,"514":2110.0,"515":2116.0,"516":2128.0,"517":2135.0,"518":2128.0,"519":2134.0,"520":2126.0,"521":2121.0,"522":2130.0,"523":2130.0,"524":2128.0,"525":2135.0,"526":2115.0,"527":2118.0,"528":2116.0,"529":2109.0,"530":2115.0,"531":2129.0,"532":2121.0,"533":2114.0,"534":2116.0,"535":2124.0,"536":2135.0,"537":2109.0,"538":2118.0,"539":2119.0,"540":2215.0,"541":2111.0,"542":2136.0,"543":2108.0,"544":2129.0,"545":2111.0,"546":2114.0,"547":2108.0,"548":2114.0,"549":2116.0,"550":2116.0,"551":2116.0,"552":2116.0,"553":2116.0,"554":2199.0,"555":2116.0,"556":2126.0,"557":2120.0,"558":2124.0,"559":2114.0,"560":2116.0,"561":2109.0,"562":2113.0,"563":2124.0,"564":2114.0,"565":2116.0,"566":2126.0,"567":2130.0,"568":2130.0,"569":2114.0,"570":2118.0,"571":2108.0,"572":2114.0,"573":2215.0,"574":2122.0,"575":2114.0,"576":2135.0,"577":2215.0,"578":2135.0,"579":2215.0,"580":2116.0,"581":2116.0,"582":2115.0,"583":2118.0,"584":2124.0,"585":2109.0,"586":2109.0,"587":2115.0,"588":2210.0,"589":2116.0,"590":2130.0,"591":2134.0,"592":2116.0,"593":2109.0,"594":2128.0,"595":2111.0,"596":2110.0,"597":2114.0,"598":2128.0,"599":2124.0,"600":2127.0,"601":2134.0,"602":2135.0,"603":2122.0,"604":2118.0,"605":2113.0,"606":2116.0,"607":2120.0,"608":2134.0,"609":2111.0,"610":2128.0,"611":2108.0,"612":2122.0,"613":2114.0,"614":2116.0,"615":2114.0,"616":2116.0,"617":2111.0,"618":2130.0,"619":2109.0,"620":2118.0,"621":2127.0,"622":2113.0,"623":2108.0,"624":2116.0,"625":2113.0,"626":2130.0,"627":2113.0,"628":2116.0,"629":2113.0,"630":2127.0,"631":2115.0,"632":2116.0,"633":2131.0,"634":2110.0,"635":2109.0,"636":2130.0,"637":2129.0,"638":2109.0,"639":2128.0,"640":2134.0,"641":2111.0,"642":2125.0,"643":2135.0,"644":2115.0,"645":2121.0,"646":2116.0,"647":2116.0,"648":2116.0,"649":2131.0,"650":2110.0,"651":2119.0,"652":2114.0,"653":2109.0,"654":2111.0,"655":2118.0,"656":2163.0,"657":2163.0,"658":2134.0,"659":2110.0,"660":2115.0,"661":2131.0,"662":2108.0,"663":2111.0,"664":2118.0,"665":2215.0,"666":2122.0,"667":2108.0,"668":2119.0,"669":2215.0,"670":2109.0,"671":2110.0,"672":2114.0,"673":2128.0,"674":2134.0,"675":2119.0,"676":2115.0,"677":2108.0,"678":2135.0,"679":2109.0,"680":2125.0,"681":2210.0,"682":2131.0,"683":2135.0,"684":2114.0,"685":2118.0,"686":2116.0,"687":2135.0,"688":2130.0,"689":2115.0,"690":2132.0,"691":2122.0,"692":2128.0,"693":2132.0,"694":2109.0,"695":2128.0,"696":2111.0,"697":2135.0,"698":2111.0,"699":2215.0,"700":2110.0,"701":2115.0,"702":2114.0,"703":2130.0,"704":2119.0,"705":2116.0,"706":2120.0,"707":2113.0,"708":2135.0,"709":2116.0,"710":2129.0,"711":2121.0,"712":2116.0,"713":2115.0,"714":2113.0,"715":2131.0,"716":2111.0,"717":2134.0,"718":2210.0,"719":2210.0,"720":2210.0,"721":2210.0,"722":2111.0,"723":2135.0,"724":2116.0,"725":2215.0,"726":2116.0,"727":2122.0,"728":2111.0,"729":2130.0,"730":2130.0,"731":2114.0,"732":2215.0,"733":2119.0,"734":2130.0,"735":2210.0,"736":2134.0,"737":2130.0,"738":2118.0,"739":2130.0,"740":2130.0,"741":2129.0,"742":2111.0,"743":2116.0,"744":2119.0,"745":2116.0,"746":2130.0,"747":2120.0,"748":2116.0,"749":2215.0,"750":2111.0,"751":2118.0,"752":2115.0,"753":2111.0,"754":2115.0,"755":2210.0,"756":2128.0,"757":2215.0,"758":2135.0,"759":2134.0,"760":2119.0,"761":2116.0,"762":2127.0,"763":2119.0,"764":2134.0,"765":2116.0,"766":2128.0,"767":2134.0,"768":2114.0,"769":2115.0,"770":2129.0,"771":2128.0,"772":2134.0,"773":2111.0,"774":2131.0,"775":2124.0,"776":2125.0,"777":2131.0,"778":2132.0,"779":2125.0,"780":2111.0,"781":2134.0,"782":2127.0,"783":2127.0,"784":2116.0,"785":2113.0,"786":2116.0,"787":2124.0,"788":2128.0,"789":2113.0,"790":2128.0,"791":2113.0,"792":2128.0,"793":2124.0,"794":2108.0,"795":2131.0,"796":2130.0,"797":2115.0,"798":2109.0,"799":2116.0,"800":2115.0,"801":2215.0,"802":2116.0,"803":2113.0,"804":2115.0,"805":2128.0,"806":2125.0,"807":2113.0,"808":2134.0,"809":2128.0,"810":2210.0,"811":2119.0,"812":2127.0,"813":2115.0,"814":2128.0,"815":2113.0,"816":2134.0,"817":2118.0,"818":2116.0,"819":2114.0,"820":2110.0,"821":2110.0,"822":2128.0,"823":2115.0,"824":2115.0,"825":2210.0,"826":2116.0,"827":2121.0,"828":2210.0,"829":2210.0,"830":2210.0,"831":2210.0,"832":2210.0,"833":2210.0,"834":2120.0,"835":2127.0,"836":2136.0,"837":2114.0,"838":2135.0,"839":2115.0,"840":2127.0,"841":2113.0,"842":2116.0,"843":2215.0,"844":2132.0,"845":2124.0,"846":2116.0,"847":2113.0,"848":2115.0,"849":2128.0,"850":2113.0,"851":2210.0,"852":2127.0,"853":2116.0,"854":2114.0,"855":2114.0,"856":2110.0,"857":2115.0,"858":2113.0,"859":2134.0,"860":2116.0,"861":2122.0,"862":2114.0,"863":2125.0,"864":2110.0,"865":2118.0,"866":2119.0,"867":2116.0,"868":2108.0,"869":2110.0,"870":2114.0,"871":2118.0,"872":2114.0,"873":2128.0,"874":2130.0,"875":2118.0,"876":2113.0,"877":2128.0,"878":2109.0,"879":2116.0,"880":2134.0,"881":2467.0,"882":2134.0,"883":2115.0,"884":2115.0,"885":2113.0,"886":2116.0,"887":2135.0,"888":2135.0,"889":2119.0,"890":2113.0,"891":2109.0,"892":2127.0,"893":2127.0,"894":2113.0,"895":2127.0,"896":2134.0,"897":2128.0,"898":2118.0,"899":2131.0,"900":2135.0,"901":2118.0,"902":2116.0,"903":2125.0,"904":2116.0,"905":2135.0,"906":2132.0,"907":2132.0,"908":2110.0,"909":2110.0,"910":2114.0,"911":2114.0,"912":2115.0,"913":2113.0,"914":2126.0,"915":2116.0,"916":2110.0,"917":2111.0,"918":2115.0,"919":2124.0,"920":2131.0,"921":2132.0,"922":2135.0,"923":2126.0,"924":2119.0,"925":2115.0,"926":2108.0,"927":2115.0,"928":2128.0,"929":2210.0,"930":2116.0,"931":2128.0,"932":2130.0,"933":2210.0,"934":2128.0,"935":2119.0,"936":2109.0,"937":2122.0,"938":2120.0,"939":2134.0,"940":2215.0,"941":2108.0,"942":2127.0,"943":2118.0,"944":2115.0,"945":2130.0,"946":2108.0,"947":2110.0,"948":2210.0,"949":2119.0,"950":2136.0,"951":2114.0,"952":2115.0,"953":2115.0,"954":2114.0,"955":2111.0,"956":2118.0,"957":2122.0,"958":2115.0,"959":2115.0,"960":2129.0,"961":2113.0,"962":2110.0,"963":2111.0,"964":2135.0,"965":2111.0,"966":2126.0,"967":2125.0,"968":2131.0,"969":2118.0,"970":2109.0,"971":2110.0,"972":2110.0,"973":2210.0,"974":2113.0,"975":2128.0,"976":2131.0,"977":2134.0,"978":2110.0,"979":2116.0,"980":2122.0,"981":2111.0,"982":2118.0,"983":2111.0,"984":2119.0,"985":2111.0,"986":2121.0,"987":2136.0,"988":2116.0,"989":2128.0,"990":2125.0,"991":2131.0,"992":2127.0,"993":2116.0,"994":2113.0,"995":2114.0,"996":2124.0,"997":2108.0,"998":2135.0,"999":2120.0,"1000":2119.0,"1001":2110.0,"1002":2111.0,"1003":2134.0,"1004":2110.0,"1005":2134.0,"1006":2113.0,"1007":2110.0,"1008":2128.0,"1009":2108.0,"1010":2124.0,"1011":2124.0,"1012":2130.0,"1013":2128.0,"1014":2111.0,"1015":2116.0,"1016":2115.0,"1017":2121.0,"1018":2116.0,"1019":2115.0,"1020":2199.0,"1021":2114.0,"1022":2122.0,"1023":2129.0,"1024":2136.0,"1025":2122.0,"1026":2114.0,"1027":2215.0,"1028":2199.0,"1029":2114.0,"1030":2113.0,"1031":2111.0,"1032":2124.0,"1033":2111.0,"1034":2119.0,"1035":2127.0,"1036":2122.0,"1037":2115.0,"1038":2114.0,"1039":2130.0,"1040":2127.0,"1041":2199.0,"1042":2111.0,"1043":2127.0,"1044":2114.0,"1045":2128.0,"1046":2135.0,"1047":2114.0,"1048":2113.0,"1049":2119.0,"1050":2114.0,"1051":2108.0,"1052":2132.0,"1053":2128.0,"1054":2130.0,"1055":2113.0,"1056":2113.0,"1057":2110.0,"1058":2108.0,"1059":2115.0,"1060":2125.0,"1061":2116.0,"1062":2132.0,"1063":2113.0,"1064":2129.0,"1065":2135.0,"1066":2116.0,"1067":2111.0,"1068":2129.0,"1069":2210.0,"1070":2125.0,"1071":2116.0,"1072":2109.0,"1073":2109.0,"1074":2110.0,"1075":2127.0,"1076":2115.0,"1077":2113.0,"1078":2115.0,"1079":2115.0,"1080":2134.0,"1081":2215.0,"1082":2109.0,"1083":2115.0,"1084":2108.0,"1085":2115.0,"1086":2113.0,"1087":2124.0,"1088":2122.0,"1089":2110.0,"1090":2122.0,"1091":2122.0,"1092":2132.0,"1093":2116.0,"1094":2135.0,"1095":2134.0,"1096":2130.0,"1097":2115.0,"1098":2135.0,"1099":2108.0,"1100":2111.0,"1101":2109.0,"1102":2122.0,"1103":2134.0,"1104":2135.0,"1105":2135.0,"1106":2118.0,"1107":2113.0,"1108":2115.0,"1109":2131.0,"1110":2128.0,"1111":2128.0,"1112":2215.0,"1113":2131.0,"1114":2119.0,"1115":2110.0,"1116":2108.0,"1117":2111.0,"1118":2116.0,"1119":2110.0,"1120":2128.0,"1121":2118.0,"1122":2134.0,"1123":2113.0,"1124":2215.0,"1125":2115.0,"1126":2114.0,"1127":2215.0,"1128":2128.0,"1129":2113.0,"1130":2134.0,"1131":2215.0,"1132":2115.0,"1133":2115.0,"1134":2113.0,"1135":2122.0,"1136":2128.0,"1137":2121.0,"1138":2113.0,"1139":2113.0,"1140":2111.0,"1141":2126.0,"1142":2114.0,"1143":2130.0,"1144":2132.0,"1145":2116.0,"1146":2131.0,"1147":2128.0,"1148":2215.0,"1149":2125.0,"1150":2136.0,"1151":2110.0,"1152":2111.0,"1153":2115.0,"1154":2116.0,"1155":2108.0,"1156":2215.0,"1157":2109.0,"1158":2114.0,"1159":2116.0,"1160":2127.0,"1161":2131.0,"1162":2134.0,"1163":2126.0,"1164":2121.0,"1165":2134.0,"1166":2118.0,"1167":2215.0,"1168":2125.0,"1169":2125.0,"1170":2125.0,"1171":2115.0,"1172":2136.0,"1173":2115.0,"1174":2115.0,"1175":2114.0,"1176":2136.0,"1177":2134.0,"1178":2130.0,"1179":2115.0,"1180":2118.0,"1181":2116.0,"1182":2127.0,"1183":2116.0,"1184":2128.0,"1185":2132.0,"1186":2116.0,"1187":2116.0,"1188":2108.0,"1189":2135.0,"1190":2109.0,"1191":2127.0,"1192":2110.0,"1193":2128.0,"1194":2108.0,"1195":2134.0,"1196":2127.0,"1197":2114.0,"1198":2128.0,"1199":2127.0,"1200":2108.0,"1201":2131.0,"1202":2126.0,"1203":2115.0,"1204":2125.0,"1205":2109.0,"1206":2116.0,"1207":2210.0,"1208":2125.0,"1209":2215.0,"1210":2111.0,"1211":2115.0,"1212":2131.0,"1213":2116.0,"1214":2215.0,"1215":2127.0,"1216":2119.0,"1217":2129.0,"1218":2134.0,"1219":2127.0,"1220":2114.0,"1221":2132.0,"1222":2126.0,"1223":2120.0,"1224":2124.0,"1225":2124.0,"1226":2110.0,"1227":2135.0,"1228":2114.0,"1229":2116.0,"1230":2114.0,"1231":2118.0,"1232":2109.0,"1233":2121.0,"1234":2111.0,"1235":2124.0,"1236":2118.0,"1237":2116.0,"1238":2113.0,"1239":2108.0,"1240":2125.0,"1241":2111.0,"1242":2129.0,"1243":2109.0,"1244":2121.0,"1245":2124.0,"1246":2115.0,"1247":2108.0,"1248":2115.0,"1249":2111.0,"1250":2128.0,"1251":2124.0,"1252":2215.0,"1253":2111.0,"1254":2113.0,"1255":2116.0,"1256":2210.0,"1257":2116.0,"1258":2116.0,"1259":2110.0,"1260":2116.0,"1261":2125.0,"1262":2109.0,"1263":2121.0,"1264":2125.0,"1265":2108.0,"1266":2111.0,"1267":2215.0,"1268":2108.0,"1269":2125.0,"1270":2125.0,"1271":2125.0,"1272":2110.0,"1273":2114.0,"1274":2108.0,"1275":2129.0,"1276":2215.0,"1277":2116.0,"1278":2210.0,"1279":2127.0,"1280":2110.0,"1281":2115.0,"1282":2114.0,"1283":2131.0,"1284":2114.0,"1285":2134.0,"1286":2134.0,"1287":2111.0,"1288":2130.0,"1289":2110.0,"1290":2119.0,"1291":2135.0,"1292":2135.0,"1293":2135.0,"1294":2135.0,"1295":2135.0,"1296":2135.0,"1297":2135.0,"1298":2135.0,"1299":2111.0,"1300":2120.0,"1301":2110.0,"1302":2210.0,"1303":2115.0,"1304":2116.0,"1305":2110.0,"1306":2134.0,"1307":2215.0,"1308":2108.0,"1309":2122.0,"1310":2130.0,"1311":2129.0,"1312":2118.0,"1313":2134.0,"1314":2118.0,"1315":2118.0,"1316":2111.0,"1317":2113.0,"1318":2210.0,"1319":2130.0,"1320":2110.0,"1321":2135.0,"1322":2125.0,"1323":2215.0,"1324":2210.0,"1325":2115.0,"1326":2128.0,"1327":2135.0,"1328":2111.0,"1329":2115.0,"1330":2108.0,"1331":2108.0,"1332":2116.0,"1333":2116.0,"1334":2110.0,"1335":2116.0,"1336":2110.0,"1337":2108.0,"1338":2109.0,"1339":2111.0,"1340":2132.0,"1341":2115.0,"1342":2109.0,"1343":2127.0,"1344":2109.0,"1345":2109.0,"1346":2127.0,"1347":2109.0,"1348":2109.0,"1349":2132.0,"1350":2111.0,"1351":2134.0,"1352":2130.0,"1353":2120.0,"1354":2119.0,"1355":2116.0,"1356":2110.0,"1357":2111.0,"1358":2115.0,"1359":2116.0,"1360":2120.0,"1361":2122.0,"1362":2131.0,"1363":2135.0,"1364":2136.0,"1365":2135.0,"1366":2132.0,"1367":2130.0,"1368":2115.0,"1369":2110.0,"1370":2108.0,"1371":2129.0,"1372":2114.0,"1373":2115.0,"1374":2130.0,"1375":2134.0,"1376":2127.0,"1377":2110.0,"1378":2124.0,"1379":2135.0,"1380":2115.0,"1381":2134.0,"1382":2215.0,"1383":2128.0,"1384":2128.0,"1385":2111.0,"1386":2136.0,"1387":2129.0,"1388":2116.0,"1389":2116.0,"1390":2134.0,"1391":2128.0,"1392":2113.0,"1393":2135.0,"1394":2111.0,"1395":2126.0,"1396":2111.0,"1397":2130.0,"1398":2113.0,"1399":2108.0,"1400":2116.0,"1401":2215.0,"1402":2210.0,"1403":2116.0,"1404":2122.0,"1405":2114.0,"1406":2116.0,"1407":2116.0,"1408":2116.0,"1409":2134.0,"1410":2111.0,"1411":2114.0,"1412":2114.0,"1413":2114.0,"1414":2108.0,"1415":2127.0,"1416":2215.0,"1417":2136.0,"1418":2108.0,"1419":2116.0,"1420":2108.0,"1421":2125.0,"1422":2110.0,"1423":2131.0,"1424":2113.0,"1425":2116.0,"1426":2125.0,"1427":2128.0,"1428":2118.0,"1429":2127.0,"1430":2215.0,"1431":2111.0,"1432":2120.0,"1433":2115.0,"1434":2116.0,"1435":2134.0,"1436":2116.0,"1437":2128.0,"1438":2132.0,"1439":2124.0,"1440":2215.0,"1441":2127.0,"1442":2129.0,"1443":2116.0,"1444":2134.0,"1445":2210.0,"1446":2127.0,"1447":2111.0,"1448":2127.0,"1449":2215.0,"1450":2134.0,"1451":2215.0,"1452":2108.0,"1453":2134.0,"1454":2125.0,"1455":2116.0,"1456":2111.0,"1457":2116.0,"1458":2122.0,"1459":2114.0,"1460":2116.0,"1461":2111.0,"1462":2115.0,"1463":2134.0,"1464":2118.0,"1465":2114.0,"1466":2215.0,"1467":2116.0,"1468":2111.0,"1469":2118.0,"1470":2110.0,"1471":2215.0,"1472":2110.0,"1473":2109.0,"1474":2114.0,"1475":2108.0,"1476":2125.0,"1477":2127.0,"1478":2132.0,"1479":2115.0,"1480":2111.0,"1481":2130.0,"1482":2135.0,"1483":2110.0,"1484":2210.0,"1485":2121.0,"1486":2135.0,"1487":2110.0,"1488":2118.0,"1489":2109.0,"1490":2111.0,"1491":2210.0,"1492":2210.0,"1493":2115.0,"1494":2215.0,"1495":2135.0,"1496":2128.0,"1497":2135.0,"1498":2114.0,"1499":2127.0,"1500":2129.0,"1501":2130.0,"1502":2132.0,"1503":2124.0,"1504":2126.0,"1505":2109.0,"1506":2130.0,"1507":2116.0,"1508":2110.0,"1509":2111.0,"1510":2116.0,"1511":2118.0,"1512":2130.0,"1513":2128.0,"1514":2122.0,"1515":2116.0,"1516":2119.0,"1517":2108.0,"1518":2115.0,"1519":2215.0,"1520":2120.0,"1521":2116.0,"1522":2129.0,"1523":2118.0,"1524":2108.0,"1525":2116.0,"1526":2116.0,"1527":2215.0,"1528":2110.0,"1529":2114.0,"1530":2121.0,"1531":2122.0,"1532":2115.0,"1533":2122.0,"1534":2113.0,"1535":2132.0,"1536":2113.0,"1537":2125.0,"1538":2130.0,"1539":2118.0,"1540":2215.0,"1541":2118.0,"1542":2110.0,"1543":2116.0,"1544":2110.0,"1545":2108.0,"1546":2110.0,"1547":2113.0,"1548":2125.0,"1549":2127.0,"1550":2131.0,"1551":2110.0,"1552":2114.0,"1553":2116.0,"1554":2116.0,"1555":2116.0,"1556":2116.0,"1557":2111.0,"1558":2127.0,"1559":2129.0,"1560":2109.0,"1561":2134.0,"1562":2110.0,"1563":2116.0,"1564":2134.0,"1565":2132.0,"1566":2132.0,"1567":2134.0,"1568":2115.0,"1569":2114.0,"1570":2116.0,"1571":2110.0,"1572":2124.0,"1573":2130.0,"1574":2108.0,"1575":2115.0,"1576":2108.0,"1577":2109.0,"1578":2132.0,"1579":2115.0,"1580":2116.0,"1581":2127.0,"1582":2111.0,"1583":2115.0,"1584":2135.0,"1585":2111.0,"1586":2116.0,"1587":2130.0,"1588":2128.0,"1589":2114.0,"1590":2111.0,"1591":2115.0,"1592":2210.0,"1593":2125.0,"1594":2114.0,"1595":2119.0,"1596":2130.0,"1597":2118.0,"1598":2125.0,"1599":2135.0,"1600":2130.0,"1601":2215.0,"1602":2130.0,"1603":2127.0,"1604":2119.0,"1605":2130.0,"1606":2136.0,"1607":2108.0,"1608":2111.0,"1609":2109.0,"1610":2116.0,"1611":2129.0,"1612":2109.0},"DangerLevel":{"0":47,"1":72,"2":22,"3":132,"4":110,"5":28,"6":8,"7":22,"8":22,"9":22,"10":49,"11":68,"12":53,"13":95,"14":49,"15":110,"16":44,"17":35,"18":25,"19":14,"20":102,"21":95,"22":49,"23":98,"24":28,"25":95,"26":25,"27":95,"28":68,"29":12,"30":14,"31":35,"32":132,"33":102,"34":12,"35":44,"36":25,"37":35,"38":71,"39":132,"40":139,"41":72,"42":14,"43":110,"44":44,"45":71,"46":110,"47":44,"48":110,"49":28,"50":47,"51":35,"52":53,"53":71,"54":71,"55":71,"56":71,"57":71,"58":49,"59":84,"60":14,"61":84,"62":47,"63":35,"64":28,"65":139,"66":110,"67":68,"68":139,"69":35,"70":53,"71":44,"72":12,"73":35,"74":44,"75":110,"76":52,"77":95,"78":25,"79":28,"80":53,"81":110,"82":132,"83":22,"84":52,"85":25,"86":110,"87":52,"88":53,"89":14,"90":139,"91":71,"92":110,"93":8,"94":84,"95":35,"96":52,"97":110,"98":110,"99":12,"100":53,"101":12,"102":139,"103":47,"104":68,"105":22,"106":68,"107":68,"108":44,"109":71,"110":139,"111":44,"112":14,"113":95,"114":25,"115":68,"116":25,"117":22,"118":14,"119":52,"120":71,"121":0,"122":22,"123":115,"124":44,"125":49,"126":44,"127":110,"128":110,"129":28,"130":12,"131":110,"132":22,"133":68,"134":52,"135":84,"136":22,"137":6,"138":115,"139":52,"140":12,"141":35,"142":28,"143":72,"144":12,"145":22,"146":28,"147":22,"148":115,"149":14,"150":110,"151":8,"152":110,"153":14,"154":44,"155":53,"156":53,"157":25,"158":115,"159":22,"160":110,"161":52,"162":110,"163":35,"164":110,"165":12,"166":28,"167":52,"168":53,"169":44,"170":6,"171":139,"172":139,"173":98,"174":115,"175":52,"176":71,"177":84,"178":12,"179":50,"180":110,"181":71,"182":110,"183":52,"184":110,"185":53,"186":35,"187":139,"188":52,"189":52,"190":8,"191":25,"192":28,"193":110,"194":110,"195":132,"196":132,"197":53,"198":12,"199":28,"200":110,"201":12,"202":12,"203":102,"204":12,"205":25,"206":28,"207":110,"208":110,"209":52,"210":68,"211":115,"212":44,"213":44,"214":44,"215":71,"216":53,"217":98,"218":25,"219":22,"220":168,"221":52,"222":68,"223":134,"224":53,"225":49,"226":139,"227":84,"228":102,"229":49,"230":95,"231":52,"232":44,"233":71,"234":84,"235":35,"236":95,"237":14,"238":22,"239":8,"240":53,"241":14,"242":132,"243":110,"244":22,"245":115,"246":139,"247":102,"248":44,"249":35,"250":72,"251":49,"252":110,"253":25,"254":44,"255":102,"256":102,"257":139,"258":44,"259":28,"260":14,"261":53,"262":98,"263":84,"264":47,"265":68,"266":12,"267":110,"268":132,"269":44,"270":115,"271":95,"272":53,"273":12,"274":95,"275":95,"276":52,"277":115,"278":139,"279":71,"280":47,"281":110,"282":110,"283":95,"284":52,"285":95,"286":84,"287":132,"288":52,"289":44,"290":102,"291":115,"292":28,"293":22,"294":53,"295":22,"296":84,"297":35,"298":110,"299":115,"300":14,"301":14,"302":25,"303":115,"304":139,"305":84,"306":14,"307":22,"308":12,"309":44,"310":6,"311":22,"312":12,"313":115,"314":25,"315":53,"316":132,"317":28,"318":102,"319":71,"320":71,"321":110,"322":28,"323":28,"324":139,"325":139,"326":28,"327":71,"328":25,"329":22,"330":25,"331":28,"332":52,"333":52,"334":102,"335":52,"336":44,"337":110,"338":110,"339":132,"340":110,"341":47,"342":35,"343":71,"344":6,"345":6,"346":6,"347":6,"348":71,"349":71,"350":71,"351":71,"352":71,"353":71,"354":71,"355":71,"356":71,"357":14,"358":102,"359":110,"360":28,"361":28,"362":12,"363":75,"364":25,"365":28,"366":84,"367":115,"368":139,"369":110,"370":132,"371":84,"372":110,"373":71,"374":139,"375":53,"376":110,"377":110,"378":84,"379":0,"380":139,"381":132,"382":53,"383":95,"384":84,"385":72,"386":47,"387":68,"388":72,"389":71,"390":53,"391":139,"392":28,"393":14,"394":115,"395":14,"396":71,"397":49,"398":84,"399":35,"400":110,"401":115,"402":71,"403":6,"404":132,"405":6,"406":53,"407":115,"408":110,"409":47,"410":134,"411":12,"412":44,"413":8,"414":25,"415":68,"416":44,"417":72,"418":102,"419":71,"420":68,"421":168,"422":12,"423":110,"424":28,"425":25,"426":28,"427":14,"428":102,"429":71,"430":6,"431":68,"432":132,"433":84,"434":35,"435":110,"436":14,"437":95,"438":84,"439":68,"440":53,"441":52,"442":72,"443":49,"444":139,"445":132,"446":84,"447":95,"448":139,"449":84,"450":44,"451":68,"452":6,"453":115,"454":44,"455":28,"456":28,"457":28,"458":44,"459":25,"460":56,"461":35,"462":44,"463":110,"464":68,"465":95,"466":84,"467":115,"468":53,"469":71,"470":72,"471":49,"472":53,"473":95,"474":98,"475":35,"476":35,"477":52,"478":110,"479":25,"480":115,"481":102,"482":44,"483":25,"484":110,"485":278,"486":49,"487":139,"488":396,"489":95,"490":49,"491":115,"492":6,"493":47,"494":12,"495":12,"496":28,"497":139,"498":84,"499":115,"500":84,"501":84,"502":84,"503":84,"504":84,"505":84,"506":44,"507":110,"508":22,"509":28,"510":102,"511":35,"512":95,"513":115,"514":25,"515":110,"516":84,"517":71,"518":84,"519":53,"520":98,"521":134,"522":115,"523":115,"524":84,"525":71,"526":44,"527":102,"528":110,"529":12,"530":44,"531":49,"532":134,"533":35,"534":110,"535":139,"536":71,"537":12,"538":102,"539":139,"540":52,"541":28,"542":72,"543":22,"544":49,"545":28,"546":35,"547":22,"548":35,"549":110,"550":110,"551":110,"552":110,"553":110,"554":8,"555":110,"556":98,"557":49,"558":139,"559":35,"560":110,"561":12,"562":14,"563":139,"564":35,"565":110,"566":98,"567":115,"568":115,"569":35,"570":102,"571":44,"572":35,"573":52,"574":68,"575":35,"576":71,"577":52,"578":71,"579":52,"580":110,"581":110,"582":44,"583":102,"584":139,"585":12,"586":12,"587":44,"588":6,"589":110,"590":115,"591":53,"592":110,"593":12,"594":84,"595":28,"596":25,"597":35,"598":84,"599":139,"600":95,"601":53,"602":71,"603":68,"604":102,"605":14,"606":110,"607":49,"608":53,"609":28,"610":84,"611":22,"612":68,"613":35,"614":110,"615":35,"616":110,"617":28,"618":115,"619":12,"620":102,"621":95,"622":14,"623":22,"624":110,"625":14,"626":115,"627":14,"628":110,"629":14,"630":95,"631":44,"632":110,"633":68,"634":25,"635":12,"636":115,"637":49,"638":12,"639":84,"640":53,"641":28,"642":132,"643":71,"644":44,"645":134,"646":110,"647":110,"648":110,"649":68,"650":25,"651":139,"652":35,"653":12,"654":28,"655":102,"656":3,"657":3,"658":53,"659":25,"660":44,"661":68,"662":22,"663":28,"664":102,"665":52,"666":68,"667":22,"668":139,"669":52,"670":12,"671":25,"672":35,"673":84,"674":53,"675":139,"676":44,"677":22,"678":71,"679":12,"680":132,"681":6,"682":68,"683":71,"684":35,"685":102,"686":110,"687":71,"688":115,"689":44,"690":47,"691":68,"692":84,"693":47,"694":12,"695":84,"696":28,"697":71,"698":28,"699":52,"700":25,"701":44,"702":35,"703":115,"704":139,"705":110,"706":49,"707":14,"708":71,"709":110,"710":49,"711":134,"712":110,"713":44,"714":14,"715":68,"716":28,"717":53,"718":6,"719":6,"720":6,"721":6,"722":28,"723":71,"724":110,"725":52,"726":110,"727":68,"728":28,"729":115,"730":115,"731":35,"732":52,"733":139,"734":115,"735":6,"736":53,"737":115,"738":102,"739":115,"740":115,"741":49,"742":28,"743":110,"744":139,"745":110,"746":115,"747":49,"748":110,"749":52,"750":28,"751":102,"752":44,"753":28,"754":44,"755":6,"756":84,"757":52,"758":71,"759":53,"760":139,"761":110,"762":95,"763":139,"764":53,"765":110,"766":84,"767":53,"768":35,"769":44,"770":49,"771":84,"772":53,"773":28,"774":68,"775":139,"776":132,"777":68,"778":47,"779":132,"780":28,"781":53,"782":95,"783":95,"784":110,"785":14,"786":110,"787":139,"788":84,"789":14,"790":84,"791":14,"792":84,"793":139,"794":22,"795":68,"796":115,"797":44,"798":12,"799":110,"800":44,"801":52,"802":110,"803":14,"804":44,"805":84,"806":132,"807":14,"808":53,"809":84,"810":6,"811":139,"812":95,"813":44,"814":84,"815":14,"816":53,"817":102,"818":110,"819":35,"820":25,"821":25,"822":84,"823":44,"824":44,"825":6,"826":110,"827":134,"828":6,"829":6,"830":6,"831":6,"832":6,"833":6,"834":49,"835":95,"836":72,"837":35,"838":71,"839":44,"840":95,"841":14,"842":110,"843":52,"844":47,"845":139,"846":110,"847":14,"848":44,"849":84,"850":14,"851":6,"852":95,"853":110,"854":35,"855":35,"856":25,"857":44,"858":14,"859":53,"860":110,"861":68,"862":35,"863":132,"864":25,"865":102,"866":139,"867":110,"868":22,"869":25,"870":35,"871":102,"872":35,"873":84,"874":115,"875":102,"876":14,"877":84,"878":12,"879":110,"880":53,"881":0,"882":53,"883":44,"884":44,"885":14,"886":110,"887":71,"888":71,"889":139,"890":14,"891":12,"892":95,"893":95,"894":14,"895":95,"896":53,"897":84,"898":102,"899":68,"900":71,"901":102,"902":110,"903":132,"904":110,"905":71,"906":47,"907":47,"908":25,"909":25,"910":35,"911":35,"912":44,"913":14,"914":98,"915":110,"916":25,"917":28,"918":44,"919":139,"920":68,"921":47,"922":71,"923":98,"924":139,"925":44,"926":44,"927":44,"928":84,"929":6,"930":110,"931":84,"932":115,"933":6,"934":84,"935":139,"936":12,"937":68,"938":49,"939":53,"940":52,"941":22,"942":95,"943":102,"944":44,"945":115,"946":22,"947":25,"948":6,"949":139,"950":72,"951":35,"952":44,"953":44,"954":35,"955":28,"956":102,"957":68,"958":44,"959":44,"960":49,"961":14,"962":25,"963":28,"964":71,"965":28,"966":98,"967":132,"968":68,"969":102,"970":12,"971":25,"972":25,"973":6,"974":14,"975":84,"976":68,"977":53,"978":25,"979":110,"980":68,"981":28,"982":102,"983":28,"984":139,"985":28,"986":134,"987":72,"988":110,"989":84,"990":132,"991":68,"992":95,"993":110,"994":14,"995":35,"996":139,"997":22,"998":71,"999":49,"1000":139,"1001":25,"1002":28,"1003":53,"1004":25,"1005":53,"1006":14,"1007":25,"1008":84,"1009":22,"1010":139,"1011":139,"1012":115,"1013":84,"1014":28,"1015":110,"1016":44,"1017":134,"1018":110,"1019":44,"1020":8,"1021":35,"1022":68,"1023":49,"1024":72,"1025":68,"1026":35,"1027":52,"1028":8,"1029":35,"1030":14,"1031":28,"1032":139,"1033":28,"1034":139,"1035":95,"1036":68,"1037":44,"1038":35,"1039":115,"1040":95,"1041":8,"1042":28,"1043":95,"1044":35,"1045":84,"1046":71,"1047":35,"1048":14,"1049":139,"1050":35,"1051":22,"1052":47,"1053":84,"1054":115,"1055":14,"1056":14,"1057":25,"1058":22,"1059":44,"1060":132,"1061":110,"1062":47,"1063":14,"1064":49,"1065":71,"1066":110,"1067":28,"1068":49,"1069":6,"1070":132,"1071":110,"1072":12,"1073":12,"1074":25,"1075":95,"1076":44,"1077":14,"1078":44,"1079":44,"1080":53,"1081":52,"1082":12,"1083":44,"1084":22,"1085":44,"1086":14,"1087":139,"1088":68,"1089":25,"1090":68,"1091":68,"1092":47,"1093":110,"1094":71,"1095":53,"1096":115,"1097":44,"1098":71,"1099":22,"1100":28,"1101":12,"1102":68,"1103":53,"1104":71,"1105":71,"1106":102,"1107":14,"1108":44,"1109":68,"1110":84,"1111":84,"1112":52,"1113":68,"1114":139,"1115":25,"1116":22,"1117":28,"1118":110,"1119":25,"1120":84,"1121":102,"1122":53,"1123":14,"1124":52,"1125":44,"1126":35,"1127":52,"1128":84,"1129":14,"1130":53,"1131":52,"1132":44,"1133":44,"1134":14,"1135":68,"1136":84,"1137":134,"1138":14,"1139":14,"1140":28,"1141":98,"1142":35,"1143":115,"1144":47,"1145":110,"1146":68,"1147":84,"1148":52,"1149":132,"1150":72,"1151":25,"1152":28,"1153":44,"1154":110,"1155":22,"1156":52,"1157":12,"1158":35,"1159":110,"1160":95,"1161":68,"1162":53,"1163":98,"1164":134,"1165":53,"1166":102,"1167":52,"1168":132,"1169":132,"1170":132,"1171":44,"1172":72,"1173":44,"1174":44,"1175":35,"1176":72,"1177":53,"1178":115,"1179":44,"1180":102,"1181":110,"1182":95,"1183":110,"1184":84,"1185":47,"1186":110,"1187":110,"1188":22,"1189":71,"1190":12,"1191":95,"1192":25,"1193":84,"1194":22,"1195":53,"1196":95,"1197":35,"1198":84,"1199":95,"1200":22,"1201":68,"1202":98,"1203":44,"1204":132,"1205":12,"1206":110,"1207":6,"1208":132,"1209":52,"1210":28,"1211":44,"1212":68,"1213":110,"1214":52,"1215":95,"1216":139,"1217":49,"1218":53,"1219":95,"1220":35,"1221":47,"1222":98,"1223":49,"1224":139,"1225":139,"1226":25,"1227":71,"1228":35,"1229":110,"1230":35,"1231":102,"1232":12,"1233":134,"1234":28,"1235":139,"1236":102,"1237":110,"1238":14,"1239":22,"1240":132,"1241":28,"1242":49,"1243":12,"1244":134,"1245":139,"1246":44,"1247":22,"1248":44,"1249":28,"1250":84,"1251":139,"1252":52,"1253":28,"1254":14,"1255":110,"1256":6,"1257":110,"1258":110,"1259":25,"1260":110,"1261":132,"1262":12,"1263":134,"1264":132,"1265":22,"1266":28,"1267":52,"1268":22,"1269":132,"1270":132,"1271":132,"1272":25,"1273":35,"1274":22,"1275":49,"1276":52,"1277":110,"1278":6,"1279":95,"1280":50,"1281":44,"1282":35,"1283":68,"1284":35,"1285":53,"1286":53,"1287":28,"1288":115,"1289":25,"1290":139,"1291":71,"1292":71,"1293":71,"1294":71,"1295":71,"1296":71,"1297":71,"1298":71,"1299":28,"1300":49,"1301":25,"1302":6,"1303":44,"1304":110,"1305":25,"1306":53,"1307":52,"1308":22,"1309":68,"1310":115,"1311":49,"1312":102,"1313":53,"1314":102,"1315":102,"1316":28,"1317":14,"1318":6,"1319":115,"1320":25,"1321":71,"1322":132,"1323":52,"1324":6,"1325":44,"1326":84,"1327":213,"1328":28,"1329":44,"1330":22,"1331":22,"1332":110,"1333":110,"1334":25,"1335":110,"1336":25,"1337":22,"1338":12,"1339":28,"1340":47,"1341":44,"1342":12,"1343":95,"1344":12,"1345":12,"1346":95,"1347":12,"1348":12,"1349":47,"1350":28,"1351":53,"1352":115,"1353":49,"1354":139,"1355":110,"1356":25,"1357":28,"1358":44,"1359":110,"1360":49,"1361":68,"1362":68,"1363":71,"1364":72,"1365":71,"1366":47,"1367":115,"1368":44,"1369":25,"1370":22,"1371":49,"1372":35,"1373":44,"1374":115,"1375":53,"1376":95,"1377":25,"1378":139,"1379":71,"1380":44,"1381":53,"1382":52,"1383":84,"1384":84,"1385":28,"1386":72,"1387":49,"1388":110,"1389":110,"1390":53,"1391":84,"1392":14,"1393":71,"1394":28,"1395":98,"1396":28,"1397":115,"1398":14,"1399":22,"1400":110,"1401":52,"1402":6,"1403":110,"1404":68,"1405":35,"1406":110,"1407":110,"1408":110,"1409":53,"1410":28,"1411":35,"1412":35,"1413":35,"1414":22,"1415":95,"1416":52,"1417":72,"1418":22,"1419":110,"1420":22,"1421":132,"1422":25,"1423":68,"1424":14,"1425":110,"1426":132,"1427":84,"1428":102,"1429":95,"1430":52,"1431":28,"1432":49,"1433":44,"1434":110,"1435":53,"1436":110,"1437":84,"1438":47,"1439":139,"1440":52,"1441":95,"1442":49,"1443":110,"1444":53,"1445":6,"1446":95,"1447":28,"1448":95,"1449":52,"1450":53,"1451":52,"1452":22,"1453":53,"1454":132,"1455":110,"1456":28,"1457":110,"1458":68,"1459":35,"1460":110,"1461":28,"1462":44,"1463":53,"1464":102,"1465":35,"1466":52,"1467":110,"1468":28,"1469":102,"1470":25,"1471":52,"1472":25,"1473":12,"1474":35,"1475":22,"1476":132,"1477":95,"1478":47,"1479":44,"1480":28,"1481":115,"1482":71,"1483":25,"1484":6,"1485":134,"1486":71,"1487":25,"1488":102,"1489":12,"1490":28,"1491":6,"1492":6,"1493":44,"1494":52,"1495":71,"1496":84,"1497":71,"1498":35,"1499":95,"1500":49,"1501":115,"1502":47,"1503":139,"1504":98,"1505":12,"1506":115,"1507":110,"1508":25,"1509":28,"1510":110,"1511":102,"1512":115,"1513":84,"1514":68,"1515":110,"1516":139,"1517":22,"1518":44,"1519":52,"1520":49,"1521":110,"1522":49,"1523":102,"1524":22,"1525":110,"1526":110,"1527":52,"1528":25,"1529":35,"1530":134,"1531":68,"1532":44,"1533":68,"1534":14,"1535":47,"1536":14,"1537":132,"1538":115,"1539":102,"1540":52,"1541":102,"1542":25,"1543":110,"1544":25,"1545":22,"1546":25,"1547":14,"1548":132,"1549":95,"1550":68,"1551":25,"1552":35,"1553":110,"1554":110,"1555":110,"1556":110,"1557":28,"1558":95,"1559":49,"1560":12,"1561":53,"1562":25,"1563":110,"1564":53,"1565":47,"1566":47,"1567":53,"1568":44,"1569":35,"1570":110,"1571":25,"1572":139,"1573":115,"1574":22,"1575":44,"1576":22,"1577":12,"1578":47,"1579":44,"1580":110,"1581":95,"1582":28,"1583":44,"1584":71,"1585":28,"1586":110,"1587":115,"1588":84,"1589":35,"1590":28,"1591":44,"1592":6,"1593":132,"1594":35,"1595":139,"1596":115,"1597":102,"1598":132,"1599":71,"1600":115,"1601":52,"1602":115,"1603":95,"1604":139,"1605":115,"1606":72,"1607":22,"1608":28,"1609":12,"1610":110,"1611":49,"1612":12}}