{"BusinessName":{"0":"# 7 RESTAURANT","1":"20TH CENTRY BOWLING LANES","2":"21 ST. AMENDMENT","3":"224 BOSTON STREET","4":"29 Newbury Street","5":"412 Broadway","6":"49 Social","7":"5 Napkin Burger","8":"68 Chinese Fast Food","9":"7 Pond Coffee Bar","10":"73 Cafe","11":"75 CHESTNUT","12":"99 RESTAURANT AND PUB","13":"A & N PIZZA","14":"A @ Time","15":"A K's Take Out","16":"A K's Take Out & Delivery","17":"ABE & LOUIE'S","18":"AFC SUSHI @SIMMONS COLLEGE","19":"AFC Sushi @ Berklee Sch. of Music","20":"AFC Sushi @ Shaw's #539","21":"AFC Sushi @ Shaw's #586","22":"AFC Sushi @ Suffolk University","23":"AFC Sushi @ Walgreens #15390","24":"AL CAPONE","25":"AL DENTE RISTORANTE","26":"ALEX PIZZA","27":"ALFREDO'S ITALIAN KITCHEN","28":"ALI ROTI RESTAURANT","29":"ALLIS ROTI + MEAT MARKET","30":"AMC Theatres Boston Common 19","31":"AMSTERDAM CAFE","32":"AN TAIN","33":"ANDREW SQUARE HOUSE OF PIZZA","34":"ANH HONG RESTAURANT  LLC","35":"ANTHONY'S CAFE","36":"ANTICO FORNO","37":"ANTONIO'S ITALIANO CUCINA","38":"APPLEBEE'S NEIGHBORHOOD GRILL","39":"AQUITAINE","40":"ARAMARK @ SULLIVAN & WORCESTER","41":"ARC","42":"ARCHIE'S NEW YORK DELI","43":"ARTU","44":"ASAKI","45":"ASHLEY'S BREAKFAST SHOPPE","46":"ASHMONT GRILL","47":"ASIAN THAI EATERY INC.","48":"ASSAGGIO RESTAURANT","49":"ATLANTIC FISH COMPANY","50":"ATRIUM CAFE\/HARVARD MED.SCHOOL","51":"AUNTIE VIE'S BAKERY & CAFE","52":"Abbott's Frozen Custard","53":"Abby Lane","54":"Adams B & B","55":"Addis Red Sea","56":"Al's South St. Express","57":"Al-Wadi Restaurant","58":"Alibi","59":"Allston Diner","60":"Alumni 1","61":"Alumni 2","62":"Alumni 3","63":"Alumni 4","64":"Alumni 5","65":"Amelia's Taqueria","66":"Amelia's Taqueria","67":"American Bakers","68":"Americano Espresso Bar","69":"Amici","70":"Andre's Cafe","71":"Angela's Cafe","72":"Anna Hand Cut Donuts","73":"Anna's Taqueria","74":"Another Cup? Coffee House","75":"Anshur Restauruant","76":"Aramark at Houghton Mifflin","77":"Arboretum Grill","78":"Archie's Place","79":"Aria Trattoria","80":"Arizona B B Q","81":"Ashburton Cafe","82":"Asia Wok","83":"Asta","84":"Au Bon Pain","85":"Au Bon Pain","86":"Au Bon Pain","87":"Au Bon Pain","88":"Au Bon Pain","89":"Au Bon Pain (Joslin Pl.)","90":"Au Bon Pain Kiosk (1st Fl.)","91":"Au Bon Pain Kiosk@Childrens Museum","92":"Au Bon Pain Outdoor Cafe","93":"Au Bon Pain Store 511","94":"Audubon","95":"Aurum","96":"Avana Express Bar","97":"Avana Market Place","98":"Azama Grill","99":"B & G OYSTERS LTD.","100":"B C High School (Faculty Food Serv.)","101":"B Good Burger","102":"B Good Burger","103":"B. Good","104":"B. Good","105":"B. U. Einsteins Bagels","106":"B.U. WEST CAMPUS","107":"BACCO RISTORANTE & BAR","108":"BACKWOODS PIZZA","109":"BAMBOO RESTAURANT","110":"BANGKOK BISTRO","111":"BANGKOK BLUE THAI","112":"BARNES & NOBLE BOOKSELLERS (R)","113":"BARNEY'S GRILL","114":"BARRY'S BOOTCAMP","115":"BEACON HILL HOTEL & BISTRO","116":"BEANTOWN BURRITO","117":"BERKELEY PERK CAFE","118":"BERKELEY RESIDENCE YWCA","119":"BERTUCCI'S BRICK OVEN PIZZA","120":"BETWEEN HOURS","121":"BILLY TSE RESTAURANT","122":"BILLY'S TEXAS B.B.Q.","123":"BIRCH STREET BISTRO","124":"BISHOP'S MEDITERRANEAN","125":"BK's Pub","126":"BLACKSTONE GRILL","127":"BLACKSTONE GRILL","128":"BLASI'S CAFE","129":"BLUE STAR RESTAURANT","130":"BO9\/CO9\/Y7","131":"BOCA GRANDE RESTAURANT","132":"BON APPETIT RESTAURANT","133":"BOSTON BACK BAY HILTON","134":"BOSTON BEANSTOCK COFFEE CO.","135":"BOSTON BEER GARDEN","136":"BOSTON COLLEGE CLUB","137":"BOSTON MARKET","138":"BOSTON SAIL LOFT","139":"BOURBON ST. CAFE","140":"BRICCO Restaurant\/Bakery","141":"BRIGHAM CIRCLE CHINESE FOOD","142":"BRIGHTON HOUSE OF PIZZA","143":"BROWN SUGAR CAFE","144":"BRUEGGER'S BAGEL BAKERY","145":"BRUEGGER'S BAGEL BAKERY","146":"BRUEGGER'S BAGEL BAKERY # 274","147":"BUKHARA INDIAN BISTRO","148":"BUKOWSKI","149":"BUNKER HILL COMMUNITY COLLEGE","150":"BV","151":"Back Bay Sandwich","152":"Back Bay Social Club","153":"Back Deck","154":"Baco Banh Mi @Super 88 Market","155":"Bagelville West Roxbury","156":"Bailey & Sage","157":"Bain Capital (40th Fl)","158":"Banh Mi House","159":"Bani Restaurant","160":"Bar Louie","161":"Bar Medallo","162":"Barracuda Tavern","163":"Barrington Coffee","164":"Barrington Coffee Roasting Co.","165":"Bartlett Square Cafe","166":"Basho Japanese Brasserie","167":"Basho Japanese Sushi@B.U.(G.S.U.)","168":"Bastille Kitchen","169":"Battery Park Restaurant & Lounge","170":"Beacon Hill Pub","171":"Bean & Leaf Cafe","172":"Bean and Cream Co.","173":"Beantown Hoagie","174":"Beantown Pub","175":"Beijing Kyoto","176":"Bell In Hand","177":"Bella Arianna","178":"Bella Luna Restaurant @ the Brewery","179":"Bella Vista","180":"Ben & Jerry's","181":"Ben & Jerry's","182":"Ben and Jerry's","183":"Benevento's","184":"Beth Isreal Deaconess","185":"Bethlehem to Go","186":"Bibim Restaurant","187":"Biddy Earlys","188":"Big Bites","189":"Big Guy's Cafe & Grill Inc.","190":"Bijou Night Club","191":"Bill's Bar","192":"Billy's Sub Shop","193":"Bin 26 Enoteca","194":"Bistro du Midi","195":"Black Rose","196":"Black Seeds","197":"Blackbird Doughnuts","198":"Bleacher Bar","199":"Blu","200":"Blue Asia Cafe","201":"Blue Cross Blue Sheild of Ma. Cafe","202":"Blue Cross Blue Shield-Landmark Center","203":"Blue Dragon","204":"Blue Hill Coffee Shop","205":"Blue Hill Pizza","206":"Blue House of Coffee","207":"Blue Nile Restaurant","208":"Blue Smoke Restaurant","209":"Blue State Coffee","210":"Blue State Coffee@957 Comm. Ave. Boston","211":"Bluestone Bristro","212":"Bohemio's Restaurant","213":"Boloco","214":"Boloco","215":"Boloco","216":"Boloco","217":"Boloco (247 Newbury St.)","218":"Boloco - Berklee","219":"Boloco Inspired Burritos","220":"Bon Me Restaurant","221":"Bonapita","222":"Bonchon Allston","223":"Bonne Chance Cafe","224":"Borinquen Bakery & Cafe","225":"Boston Bagel Company","226":"Boston Beer Works","227":"Boston Burger","228":"Boston Chowda Co.","229":"Boston Common Coffee Co.","230":"Boston Common Coffee Co.","231":"Boston Common Hotel & Conference Center","232":"Boston Eagle","233":"Boston Globe Cafeteria","234":"Boston Globe Kiosk # 2","235":"Boston Kabdo Co.","236":"Boston Kebab House","237":"Boston Kitchen Pizza","238":"Boston Living Center","239":"Boston Marriott Long Wharf - FS","240":"Boston Marriott Longwharf","241":"Boston Medical Center","242":"Boston News Cafe","243":"Boston News Cafe (90 Arch St.)","244":"Boston Opera House","245":"Boston Park Plaza (Main Kitchen\/Room Serv.)","246":"Boston Park Plaza Employee Cafeteria(3rdFl)","247":"Bostonia Public House","248":"Bourbon Street Cafe","249":"Brannellys Cafe","250":"Brendan Behan Pub","251":"Brick House Pizza & Grille","252":"Brigham & Women Hospital OR Lounge","253":"Brigham & Womens Coffee Kiosk","254":"Brighams & Womens Hospital - Tower Cafe","255":"Bright-Landry Arena Briggs Cafe","256":"Brighton Beer Garden","257":"Brighton Music Hall","258":"Brother Deli Restaurant","259":"Brown Brothers Harriman & Co.","260":"Bruegger's","261":"Bubor Cha Cha","262":"Burger King","263":"Burger King","264":"Burger King","265":"Burger King","266":"Burger King","267":"Burger King","268":"Burger King # 3483","269":"Burger King # 3531","270":"BurgerFi","271":"BurgerFi","272":"Burrito Factory","273":"Burrito's Pizzeria","274":"Bus Stop Pub","275":"Butterfly Coffee","276":"C&S Tavern","277":"CABANA GRILL","278":"CAFE 1010","279":"CAFE @ 1295","280":"CAFE ARPEGGIO","281":"CAFE AT BARNES AND NOBLE","282":"CAFE DES ARTS","283":"CAFE ESPLANADE","284":"CAFE MIRROR","285":"CAFE NAPOLI","286":"CAFE PODIMA","287":"CAFE POLONIA","288":"CAFE POMPEI","289":"CAFFE BELLAVITA","290":"CALIFORNIA PIZZA KITCHEN","291":"CAMINO REAL","292":"CANTINA ITALIANA","293":"CANTON HOUSE","294":"CAPITAL GRILLE","295":"CAPITOL COFFEE HOUSE","296":"CAPTAIN NEMO'S","297":"CARNEY HOSPITAL","298":"CARTER FULLER MENTAL HOSPITAL","299":"CASA ROMERO","300":"CAUSEWAY CAFE","301":"CAVAN CAFE","302":"CENTRE STREET CAFE","303":"CHACHO'S PIZZA","304":"CHANG'S HOUSE","305":"CHARLESMARK HOTEL","306":"CHART HOUSE","307":"CHARTWELLS @ SNELL LIBRARY","308":"CHEQUERS","309":"CHEQUERS EXPRESS","310":"CHEZ-VOUS SKATING RINK","311":"CHICKEN LOU'S","312":"CHINA GOURMET RESTAURANT","313":"CHINA HOUSE","314":"CHINA MAXIM III","315":"CHINATOWN EXPRESS INC.","316":"CHINESE DRAGON","317":"CHRISTOS PIZZA","318":"CHUNG WAH","319":"CLARKE'S","320":"CLERY'S","321":"CLUB HOTEL BAR","322":"CO1\/BO1","323":"COCO'S","324":"COFFEE SHOP","325":"COLLEGE PIZZA","326":"COMMON GROUND","327":"COOGAN'S BLUFF","328":"CORNER TAVERN","329":"CORNERSTONE","330":"CORNWALL'S RESTAURANT","331":"CORP. CHEFS\/U. MASS. MED. SCHOOL","332":"CORREIA INC.","333":"CORRIB PUB","334":"CORRIB PUB AND RESTAURANT","335":"COURTYARD CAFE","336":"COURTYARD CAFE","337":"COURTYARD MARRIOTT COPLEY","338":"CRANBERRY CAFE INC.","339":"CRAZY DOUGH'S PIZZA COMPANY","340":"CROKE PARK","341":"Cactus Grill","342":"Cafe 1221","343":"Cafe 24","344":"Cafe 472","345":"Cafe 939","346":"Cafe @Mohr & McPherson","347":"Cafe Beirut","348":"Cafe De Lulu","349":"Cafe Hemsin","350":"Cafe Inaka","351":"Cafe Madeleine","352":"Cafe Marliave","353":"Cafe Orient Heights","354":"Cafe Rustico","355":"Cafeteria Boston","356":"Caffe Aromi","357":"Caffe Bene","358":"Caffe Lil Italy","359":"Caffe Nero","360":"Caffe Strega","361":"Caffe Vittoria","362":"Cajun Cajun","363":"Canary Square","364":"Caribe Restaurant","365":"Carlos Variety","366":"Carmelina's North End","367":"Carrie Nation","368":"Casa Razbora","369":"Catering","370":"Cathedral Station","371":"Centerplate @ Blue Hills Bank Pavilion","372":"Centerplate @ ORPHEUM THEATRE","373":"Central Wharf Co.","374":"Centre Street Sanctuary","375":"Chacarero","376":"Charley's Philly Steak","377":"Charlie's Pizza & Cafe","378":"Charlies Pizza and Kitchen","379":"Chatime","380":"Chatime","381":"Cheeseboy \"Grilled Cheese To Go\"","382":"Chef Chang's on Back Bay","383":"Chequers Coffee Express","384":"Chestnut Park at Cleveland Circle","385":"Chez Tata Restaurant","386":"Chicken & Rice Guys","387":"Chili Hotpot","388":"Chilipa Restaurant","389":"Chill","390":"Chilli Thai Bistro","391":"Chilton Club","392":"China Garden","393":"China King Restaurant","394":"China Pagoda Restaurant","395":"China Pearl Restaurant","396":"China Sky Restaurant","397":"China Station Restaurant","398":"Chinatown Cafe","399":"Chipotle Mexican Grill","400":"Chipotle Mexican Grill #1520","401":"Chipotle Mexican Grille","402":"Choat Hall & Stewart","403":"Chopped & Topped 3rd Fl.","404":"Church","405":"Chutney's","406":"Cinque Cento","407":"Citizen Public House & Oyster Bar","408":"Citra A Fresh Cafe","409":"Clay Pot Cafe","410":"Club Cafe","411":"Cobblestones","412":"Cocobeet","413":"Code 10 Restaurant Cafe","414":"Cold Stone Creamery","415":"Colonnade Hotel","416":"Columbia Park Cafe @ Sovereign Bank","417":"Comedy Connection @ The Wilbur Theater","418":"Comella's","419":"Community Workshop Inc.","420":"Concession Kitchen South Side","421":"Concession Stand North East","422":"Concession Stand North West","423":"Concession Stand South East","424":"Concession Stand South West","425":"Conte 1","426":"Conte 2","427":"Conte 3","428":"Conte 4","429":"Conte 4th Fl W","430":"Conte 5","431":"Conte 6","432":"Conte 7","433":"Conte 8","434":"Converse","435":"Corner Cafe","436":"Corner Cafe","437":"Corporate Chefs @ Plaza Cafe (Tufts)","438":"Corporate Chefs @ Soups On","439":"Corporate Chefs @ Tufts Food 4 Thot","440":"Cosi","441":"Cosi","442":"Cosi # 687","443":"Cosi (Kiosk)","444":"Cosi South Station","445":"Cosmopolitan Lounge","446":"Costello's Tavern Inc","447":"Country Kitchen","448":"Courtyard Boston Downtown","449":"Courtyard By Marriott","450":"Courtyard By Marriott","451":"Crave Mad For Chicken","452":"Crazy Dough Pizza","453":"Crazy Dough's Pizza","454":"Crazy Dough's Pizza","455":"Crossroads","456":"Crown Fried Chicken and Pizza","457":"Crush Pizza","458":"Crystal\/Gorage Lounge","459":"Cure Lounge (basement at Wilbur Theatre)","460":"D & D Restaurant","461":"D Coal Pot","462":"D'ANGELO'S SANDWICH SHOP","463":"DACOOPA SUB & PIZZA","464":"DAVIO'S","465":"DAYIB CAFE","466":"DBAR","467":"DEEP ELLUM","468":"DELI OF COURSE","469":"DEM & TED INC.  PIZZA SHUTTLE","470":"DEMPSEY'S BAR & GRILLE","471":"DENO'S SUBS & PIZZA","472":"DERNA'S RESTAURANT","473":"DESTINO'S PIZZA","474":"DEVLIN'S RESTAURANT","475":"DIM SUM CHEF  INC.","476":"DIMITRIOS HOUSE OF PIZZA","477":"DING HO FAST FOOD","478":"DINO'S CAFE","479":"DOGWOOD CAFE","480":"DOLCE VITA","481":"DOLCE VITA (1696 Comm. Ave.)","482":"DOMINO'S PIZZA (277 MAIN ST. CHASN.)","483":"DONNA'S RESTAURANT","484":"DONOHUE CAFETERIA","485":"DOUZO JAPANESE RESTAURANT","486":"DOYLES CAFE","487":"DRAGON CHEF CHINESE REST.","488":"DRY DOCK CAFE","489":"DUBLIN HOUSE","490":"DUNKIN DONUT","491":"DUNKIN DONUTS (ALLSTON)","492":"DUNKIN DONUTS (BAY ROAD)","493":"DUNKIN DONUTS (CITY PLACE)","494":"DUNKIN DONUTS (WEST ROXBURY)","495":"DUNKIN DONUTS BLUE HILL AVE","496":"DUNKIN DONUTS'","497":"DUNKIN DONUTS'","498":"DUNKIN DONUTS'","499":"DUNKIN DONUTS(FRANKLIN)","500":"DUNKIN DONUTS(STATION DONUTS)","501":"DUNKIN DONUTS\/GALLERIA","502":"DUNKIN DONUTS\/HYDE PK AVE","503":"DUNKIN' DONUTS #0311","504":"DUNKIN' DONUTS (BRIGHTON)","505":"DUNKIN' DONUTS (LEGION DONUTS)","506":"DUNKIN' DONUTS(RMG DONUTS LLC)","507":"DUNKIN' DONUTS-WATERMARK","508":"DUNKIN' DONUTS\/BASKIN ROBINS","509":"DUNKIN' DONUTS\/WATERMARK","510":"DUNKIN'DONUTS\/WATERMARK","511":"DUNKIN\/DONUT\/WATERMARK","512":"Daily Catch","513":"Darryls Corner Bar & Kitchen","514":"Dash Cafe","515":"DelFriscos Double Eagle Steak House","516":"Delfino Restaurant","517":"Delicia Dominicanas","518":"Delicias Del Caribe","519":"Delicious Yogurt","520":"Deparma","521":"Deria Express Cafe","522":"Derne Street Deli","523":"Deuxave","524":"Dip It Sweet","525":"Discovery Cafe","526":"Dolphin Bay","527":"Domino's Pizza","528":"Domino's Pizza","529":"Domino's Pizza","530":"Domino's Pizza","531":"Domino's Pizza","532":"Domino's Pizza (695 Truman Pkwy)","533":"Donut-N-Donuts Inc.","534":"Dosa Factory","535":"Dot 2 Dot Cafe","536":"Dot Cafe","537":"Dot Tavern","538":"Dough East Boston","539":"Doughboy Donuts & Deli","540":"Down Home Delivery & Catering","541":"Dozzi","542":"Dragon Bowl","543":"Dragon Chef East","544":"Drink","545":"Drinking Fountain","546":"Dudley Sq. Grill","547":"Dugout Inseat","548":"Dumpling Cafe Inc.","549":"Dumpling Gourmet","550":"Dumpling King","551":"Dumpling Palace","552":"Dunkin Donuts","553":"Dunkin Donuts","554":"Dunkin Donuts","555":"Dunkin Donuts","556":"Dunkin Donuts","557":"Dunkin Donuts","558":"Dunkin Donuts","559":"Dunkin Donuts","560":"Dunkin Donuts","561":"Dunkin Donuts","562":"Dunkin Donuts","563":"Dunkin Donuts","564":"Dunkin Donuts","565":"Dunkin Donuts (1447 Tremont St.)","566":"Dunkin Donuts (219 Cambridge)","567":"Dunkin Donuts (48 W Broadway)","568":"Dunkin Donuts (895 Morton St.)","569":"Dunkin Donuts (Canal St.)","570":"Dunkin Donuts (Causeway St.)","571":"Dunkin Donuts (Kenmore Sq. Donuts)","572":"Dunkin Donuts @ MBTA Station","573":"Dunkin Donuts Kiosk","574":"Dunkin Donuts(757 Centre St.)","575":"Dunkin Donuts\/1138 Washington St.","576":"Dunkin' Donuts","577":"Dunkin' Donuts","578":"Dunkin' Donuts","579":"Dunkin' Donuts","580":"Dunkin' Donuts","581":"Dunkin' Donuts","582":"Dunkin' Donuts","583":"Dunkin' Donuts","584":"Dunkin' Donuts","585":"Dunkin' Donuts","586":"Dunkin' Donuts","587":"Dunkin' Donuts(C.A. Donuts)","588":"Durgin Park Restaurant","589":"Durty Nellie's","590":"EAST OCEAN CITY","591":"EGLESTON PIZZA","592":"EL CHALAN","593":"EL EMBAJADOR RESTAURANT","594":"EL KIOSCO","595":"EL PAISA RESTAURANTE","596":"EL PENOL RESTAURANT","597":"EL POLLO DORENO","598":"ELITE DONUT SHOP","599":"EMBASSY SUITES BOSTON (FS)","600":"EMC CLUB","601":"EMILIOS PIZZA & SUBS","602":"EMMETS IRISH PUB","603":"EMPIRE GARDEN","604":"EQUATOR RESTAURANT","605":"ERIC LINDEMAN","606":"ETHEL & ANDY'S SUB SHOP","607":"EUGENE O' NEILLS","608":"EUREST @BOA CAFETERIA\/CATERING","609":"Earl of Sandwich","610":"East Boston Kitchen","611":"East Roof Production Kitchen","612":"Ecco","613":"Ecco Pizzeria","614":"Edu and Den's Restaurant","615":"El Dugout","616":"El Fongon Del La Morena","617":"El Fongon Restaurant","618":"El Molino","619":"El Oriental De Cuba","620":"El Paisa II","621":"El Pelon","622":"El Pelon Taqueria","623":"El Recreo Coffee & Roastene","624":"El Triunfo Restaurant","625":"Elephant & Castle Pub and Restaurant","626":"Ellis Memorial Adult Day Health","627":"Emack & Bolio's","628":"Emack & Bolio's","629":"Emack & Bolio's","630":"Empanada's House","631":"Equal Exchange","632":"Erbaluce","633":"Erie Pub","634":"Ernestos Pizza","635":"Esperia Grill & Rotisserie","636":"Espresso Love Cafe","637":"Estelle's","638":"Ester","639":"Evrest Dining@Suffolk Construction","640":"Exodus Bagels","641":"Express Pizzeria","642":"Extreme Pita","643":"FAJITAS & RITAS INC.","644":"FARAH'S CAFE RESTAURANT","645":"FIG'S","646":"FIG'S","647":"FIGARO'S BOSTON DELICATESSEN","648":"FILIPPO'S","649":"FILL A BUSTER","650":"FIN'S SUSHI & GRILL","651":"FIN'S SUSHI & GRILL","652":"FINAGLE-A-BAGEL","653":"FINALE (ROOM FOR DESSERT LLC)","654":"FIRE & ICE","655":"FISHER COLLEGE","656":"FLAMERS CHARBROILED","657":"FLAMES RESTAURANT","658":"FLAMES RESTAURANT","659":"FLANN O'BRIENS","660":"FLAT BLACK COFFEE CO. LTD.","661":"FLAT IRON RESTAURANT AT BULFINCH HOTEL","662":"FLEMING'S PRIME STEAKHOUSE","663":"FLIK INTERNATIONAL","664":"FLORENTINE CAFFE","665":"FLORIAN RESTAURANT","666":"FLOUR BAKERY & CAFE","667":"FLOUR BAKERY & CAFE","668":"FOLEY SENIOR RESIDENCES","669":"FOOD WALL CHINESE","670":"FOREST HILLS PIZZA","671":"FOUR'S BOSTON","672":"FRANKLIN CAFE","673":"Fairouz Restaurant","674":"Falafel King","675":"Falafel King I I I","676":"Fazenda","677":"Felcaro Pizzeria","678":"Fenmore American Bistro","679":"Fenway Cafe","680":"Fidelity Cafe","681":"Fidelity Coffee Bar","682":"Fields Corner Cafe","683":"Finagle A Bagel","684":"Fins Sushi & Grill  Inc.","685":"Fins Sushi & Grill 2","686":"Fiorella's Express","687":"Fiouna's","688":"Firehouse Subs","689":"First Bite Pizza and Grill","690":"Fisher College Cafe","691":"Five Guys Burgers & Fries","692":"Five Horses Tavern","693":"Five Star Pizza & Grill","694":"Flame Cafe","695":"Flat Black Coffee","696":"Flat Black Coffee Co.  Ltd.","697":"Flik International @ Merck & Co.","698":"Flour Bakery & Cafe","699":"Fogo de Chao - Churrascaria","700":"Fomu","701":"Fomu","702":"Four Seasons Hotel Boston","703":"Four Winds","704":"Franklin Park Snack Bar","705":"Freeport Street Cafeteria","706":"Fresh City","707":"Fresh Life Cafe @ Tuft's Medical Ctr.","708":"Freshii","709":"Friend Street Cafe","710":"Frio Rico","711":"Friturilandia & Grill","712":"Fro-zen-yo","713":"Fromage","714":"Frost Ice Bar","715":"Froyo World","716":"Fruitata Inc.","717":"Fuel America","718":"FunTea Cafe","719":"Future Chefs","720":"GALLERIA UMBERTO","721":"GENE'S CHINESE FLATBREAD CAFE","722":"GLOBE BAR & CAFE","723":"GOLDEN LEAF RESTAURANT","724":"GOOD EATS PIZZA","725":"GRASSHOPPER VEGETARIAN","726":"GREAT BARBECU INC.","727":"GREAT CHEF ORIENT HEIGHTS","728":"GREEN DRAGON TAVERN","729":"GREENHILLS BAKERY","730":"GRIDDLER'S BURGERS & DOGS","731":"GRILL 23 AND BAR","732":"GROTTO","733":"GYPSY BAR","734":"Ga Ga Seafood Restaurant","735":"Galway House Inc","736":"Garden Halal Restaurant","737":"Gaslight and Greenlight Cafe","738":"Gavin Foundation Inc.","739":"Geido Sushi","740":"Gelateria","741":"Gem Restaurant & Lounge","742":"Genki Ya of Boston","743":"Gennaro 5 North Square","744":"Ghazal Fine Indian Cuisine","745":"Giacomo's","746":"Giacomo's Restaurant","747":"Gigi Gelateria","748":"Gillette Cafeteria","749":"Ginger Exchange","750":"Glass Slipper","751":"Golden House (Washington St.)","752":"Goulston & Storrs","753":"Grain Exchange","754":"Grass Fed","755":"Grass Roots Cafe","756":"Grasshopper Cafe","757":"Grasshopper Creamery","758":"Great Chef","759":"Great Scott","760":"Great Taste Bakery and Restaurant","761":"Great Wok","762":"Green Briar","763":"Green T Coffee Shop","764":"Grove Hall Pizza","765":"Guckenheimer @ B.R.E. @ Blue Glass Cafe","766":"Guckenheimer @ Berkeley Cafe","767":"Guilt Nightclub\/Underbar","768":"Guira and Tambora Restaurant","769":"Guru The Caterer","770":"Gyro City","771":"HABANERO MEXICAN GRILL  INC.","772":"HALEY HOUSE BAKERY CAFE","773":"HALF TIME","774":"HARBORSIDE INN OF BOSTON","775":"HARRISON CAFE","776":"HARRY O'S","777":"HARVARD BUS.\/ALDRICH HALL","778":"HARVARD BUS.\/BAKER FACULTY","779":"HARVARD BUSINESS SCHOOL CAFETE","780":"HARVARD CLUB OF BOSTON","781":"HARVARD CLUB OF BOSTON","782":"HEBREW REHAB CENTER","783":"HENNESSY'S OF BOSTON","784":"HERRERA'S MEXICAN GRILL  INC.","785":"HIDDEN KITCHEN","786":"HIDYAN CAFE","787":"HIEN VUONG RESTAURANT","788":"HIGH SPOT DELI","789":"HIGHLAND TAP OF BOSTON INC.","790":"HILLEL","791":"HILLSTONE RESTAURANT","792":"HILTON BOSTON FINANCIAL DISTRICT","793":"HONG KONG CHEF","794":"HURRICANE O'REILLY'S","795":"HYATT CONF. & HOTEL (FS)","796":"Habibi's Lounge","797":"Hafun Cafe","798":"Halal Indian Cuisine","799":"Hale & Hearty","800":"Hampshire House Butcher Block","801":"Handy & Person Catering","802":"Happy Garden","803":"Hard Rock Cafe","804":"Harp & Bard","805":"Harpoon Brewery Beer Hall","806":"Harry's All American Breakfast","807":"Harry's Bar & Grill","808":"Harvard Gardens","809":"Hei La Moon Restaurant","810":"Hen House","811":"Herrera's Burritos","812":"Hi Lab Cafe","813":"Hills Deli","814":"Hilton Boston Back Bay Coffee Bar","815":"Himayalan Bistro","816":"Holiday Inn Express","817":"Honey Dew Donuts","818":"Hong Kong 888 Cafe","819":"Hong Kong At Faneuil Hall","820":"Hong Kong Eatery","821":"Hong Kong Harbour","822":"Hong Ze","823":"Hoshi Japanese Restaurant","824":"Hot Pot Buffet","825":"House of Blues","826":"Howl at the Moon","827":"Hsin Hsin","828":"Hungry I","829":"IDEAL CAFE 'D PIZZA","830":"IDEAL SUB SHOP","831":"IKURA","832":"IL MONDO","833":"IL NIDO","834":"INBOUND PIZZA & RESTAURANT","835":"INTERMISSION TAVERN","836":"IPIZZA AND GRILL","837":"IRIE JAMAICAN STYLE RESTAURANT","838":"IRON MOUNTAIN","839":"IRONSIDE GRILLE","840":"ISLAND STYLE INC.","841":"Ichiban Yakitori Sushi House","842":"Icon aka Rumor","843":"Il Mondo Pizza","844":"Il Panino Restaurant","845":"Imperial Kitchen","846":"In Boston","847":"InBoston","848":"Infusions Tea Spa","849":"Insomnia Cookies","850":"Institute Of Contemporary Art\/Water Cafe","851":"Intercontinental Boston - Rumba Bar","852":"Intercontinental Boston - Sushi Teq","853":"Internal Matter","854":"Irashai Sushi and Teriyaki","855":"Irish Village Inc.","856":"Iron Wok (Unit F-3)","857":"Island Creek Oyster Bar","858":"Itadaki","859":"Ittoku","860":"J & J IRISH PUB & GRILLE","861":"J M Curley","862":"J P House of Pizza","863":"J P Kitchen","864":"J P Licks @ Charles Street","865":"J P Licks@Boylston St.","866":"J'S CAFE @BOS. W & S","867":"J. P. SEAFOOD CAFE INC.","868":"J. Pace & Son Uptown","869":"J.M.P. FINE INDIAN CUISINE","870":"J.P. LICKS INC.","871":"J.R.'S HIDEAWAY","872":"JAMES'S GATE","873":"JEANIE JOHNSTON PUB","874":"JENNY'S PIZZA","875":"JIMMY JOHN'S","876":"JIMMY JOHN'S","877":"JOE'S AMERICAN BAR & GRILL","878":"JOE'S AMERICAN BAR & GRILL","879":"JOE'S SUBS","880":"JOHN B. HYNES VET. MEM. CTR.","881":"JOHNNY'S PIZZA & SUBS","882":"JORDAN'S BAR","883":"JOSEPH'S PIZZA & SUBS","884":"JP LICKS @ BRIGHAM CIRCLE","885":"Jacob Wirth Restaurant","886":"Jacques","887":"Jade Garden Restaurant","888":"Jaho Coffee & Tea","889":"Jamba Juice","890":"Japanese Hot Pot","891":"Java City @ Simmons College","892":"Jerry Remy's Sports Bar & Grill","893":"Jeveli's","894":"Jillian's Billiard Club","895":"Jim's Restaurant and Deli","896":"Jo Jo Taipei","897":"Joshua's Deli","898":"Juba Market Cafe","899":"Juice Boston @ MBTA","900":"Juice Republic","901":"Just Add Cooking","902":"Just Not Subs","903":"Just Steaks","904":"K O Catering and Pies","905":"KALIHARI GRILL","906":"KANTIN","907":"KASHMIR INDIAN RESTAURANT","908":"KELLEY'S SQ. PUB","909":"KFC","910":"KING AND I CORP.","911":"KING'S LANE LOUNGE & BILLIARDS","912":"KIPO'S PIZZERIA RESTAURANT","913":"KO Catering and Pies","914":"Kaju Tofu House","915":"Kapow","916":"Kaze Shabu Shabu","917":"Kelleher's Bar and Grille","918":"Kentucky Fried Chicken","919":"Kentucky Fried Chicken","920":"Kentucky Fried Chicken","921":"Kentucky Fried Chicken","922":"Ki Bistro","923":"King Do","924":"King of Wings","925":"Kingston Station","926":"Kung Fu Tea","927":"Kung Fu Tea @ Mass. Ave.","928":"Kwik E Pizza","929":"L STREET DINER","930":"L STREET TAVERN","931":"L'Espalier","932":"L'OSTERIA RESTAURANT","933":"L.A. Burdick Chocolate","934":"LA BELLE CAPOISE RESTAURANT","935":"LA CHIVA RESTAURANT","936":"LA FAMIGLIA RISTORANTE","937":"LA REINA","938":"LA SUMMA","939":"LA TERRAZA RESTAURANT","940":"LALA LUNCHEONETTE RESTAURANT","941":"LALA ROKH","942":"LAS PALMAS RESTAURANT","943":"LATINO RESTAURANT","944":"LC2\/LY1","945":"LEGAL SEAFOODS","946":"LEGAL SEAFOODS","947":"LES ZYGOMATES","948":"LFV","949":"LICKS CAFE","950":"LIMELIGHT STAGE & STUDIOS  INC.","951":"LIMONCELLO","952":"LIR","953":"LITTLE ASIA RESTAURANT","954":"LITTLE HOUSE ALTERNATIVE","955":"LOCONTES RESTAURANT","956":"LOLLICUP TEA ZONE","957":"LOS ARRIEROS REST","958":"LTK Bar and Kitchen and Legal Test Kitchen","959":"LUCKY BOSTON CHINESE REST.","960":"LUCKY'S","961":"LULUS' ALLSTON","962":"LY4\/LB4\/LS4","963":"La Be Fana Pizzeria","964":"La Frontera Restaurant","965":"La Galleria 33","966":"La Mamma Pizza And More","967":"La Motta","968":"La Voile Brasserie","969":"Landmark Pizza @ North Station","970":"Langham Hotel","971":"Lanta Asian Cuisine","972":"Latinos Restaurant","973":"Laugh Boston","974":"Left Field Inseat","975":"Left Field Pantry","976":"Legal Crossing","977":"Legal Harborside","978":"Lenox Hotel (5 Food Serv. Loc.)","979":"Levi's Restaurant & Lounge","980":"Levy Premium Food Court 1","981":"Levy Premium Food Court 2","982":"Levy Premium Food Court 3","983":"Levy Premium Food Court 4","984":"Levy Premium Food Court 5","985":"Levy Premium Main Kitchen & Commissary","986":"Lilly Gourmet Pasta Express","987":"Lincoln Bar & Grill","988":"Lincoln Tavern","989":"Little Caesars","990":"Little Haiti International Cusine","991":"Little Lamb","992":"Little Pizza King","993":"Little Steve's Pizza","994":"Local 149","995":"Locale","996":"Lolita Cocina & Tequila Bar","997":"Lorettas Last Call","998":"Los Amigos Mexican Grill","999":"Los Antojitos Restaurant","1000":"Lower Mills Pub","1001":"Lucca Back Bay","1002":"Lucca North End","1003":"Lucy Ethopian Cafe","1004":"M\/V MAJESTY","1005":"MADONNA SHRINE","1006":"MANGIA MANGIA","1007":"MANULIFE","1008":"MARCO POLO","1009":"MASA","1010":"MASS EYE AND EAR INFIRMARY","1011":"MASS GEN.HOSP.\/THE PLAZA CAFE","1012":"MASTER WOK","1013":"MATTHEWS ARENA CONCESSION","1014":"MAURIZIO'S","1015":"MAY'S CAFE","1016":"MC CORMICK & SCHMICK'S REST.","1017":"MCDONALD'S REST","1018":"MCGANN'S BOSTON","1019":"MCKENNA'S CAFE","1020":"MDM Noodle","1021":"MEDITERRANEAN GRILL","1022":"MELA RESTAURANT","1023":"MERENGUE RESTAURANT","1024":"METRO SUBWAY","1025":"METRO SUBWAY INC.","1026":"METRO SUBWAY INC.","1027":"METRO SUBWAY INC.","1028":"METROPOLIS CAFE","1029":"MEZZANINE COFFEE SHOP","1030":"MI RANCHO RESTAURANT","1031":"MIAMI RESTAURANT","1032":"MIKE'S CITY DINER","1033":"MIKE'S PASTRY INC.","1034":"MILANO'S DELI","1035":"MILK ST CAFE","1036":"MILNER HOTEL","1037":"MISONO GRILL","1038":"MISONO RESTAURANT","1039":"MISONO WOK","1040":"MISSION BAR & GRILL","1041":"MOBIDICK","1042":"MONICA'S RESTAURANT","1043":"MONTIEN RESTAURANT","1044":"MOOGY'S SANDWICH SHOP INC.","1045":"MORGAN HALL COFFEE CART","1046":"MORGAN MEMORIAL CAFETERIA","1047":"MOTHER ANNA'S","1048":"MR. DOOLEYS BOSTON TAVERN","1049":"MUL'S DINER","1050":"MURPHY'S LAW","1051":"MY COUSIN'S PLACE","1052":"MY DINER","1053":"Mac's Deli","1054":"Maki Maki","1055":"Mama Blanca Restaurant","1056":"Mama's Place","1057":"Mana Escondido Cafe","1058":"Mandarin House Restaurant","1059":"Mandy And Joes Deli","1060":"Mangia Neapolitan Pizzeria","1061":"Maria's Taqueria","1062":"Marketplace Cafe & Take Away","1063":"Marriott Copley Plaza (28th Fl.)","1064":"Mary Ann's Monday Morning  Inc.","1065":"Maryann's Breakfast & Lunch","1066":"Mashawi Grill","1067":"Masona Grill","1068":"Mass Bay Lines\/Freedom","1069":"Mass Bay Lines\/Sam Clemens","1070":"Mass General Hospital Cafe","1071":"Massachusetts Eye & Ear Infirmary (Cart)","1072":"Massachusetts Eye & Ear@ Longwood","1073":"Massiminos Cucina","1074":"Mast' Restaurant","1075":"Mattapan House of Pizza","1076":"Max Brenner","1077":"McDonald's","1078":"McDonald's","1079":"McDonald's","1080":"McDonald's","1081":"McDonald's","1082":"McDonald's","1083":"McDonald's","1084":"McDonald's Restaurant","1085":"McDonald's(3060 Washington St.)","1086":"McGreevys","1087":"Mcdonalds","1088":"Mcdonalds","1089":"Media","1090":"Mehak Restaurant","1091":"Mei Mei","1092":"Menton","1093":"Metropolitan In Town Restaurant Bar","1094":"Mi Casa Tu Casa Restaurant","1095":"Mi Pueblito Restaurant","1096":"Midway Cafe","1097":"Miel Brasserie","1098":"Mikes Vending L L C @ Constitution Beach","1099":"Millenium Restaurant & Grill","1100":"Millennium Bostonian Hotel","1101":"Minina's Cafe","1102":"Mirabella Pool Concession","1103":"Mission Sushi & Wok","1104":"Mixx Frozen Yogurt","1105":"Mixx Frozen Yogurt*","1106":"Modern Pastry Shop I I","1107":"Mojitos Night Club & Lounge","1108":"Moko","1109":"Molina Restaurant","1110":"Molly Moo's","1111":"Montecristo Mexican Grill","1112":"Monumental Cupcakes @ JP Art Market","1113":"Mooo...","1114":"Morgan Lewis & Bockius LLP","1115":"Morton's of Chicago","1116":"Mr. G's Stuffin Muffin","1117":"Mt. Olympic Pizza","1118":"Mud House","1119":"Mulligans","1120":"Museum of Fine Arts Cafeteria","1121":"Museum of Fine Arts New American Cafe","1122":"Museum of Science","1123":"My Sisters Crawfish","1124":"My Thai Cafe Vegetarian & Bubble Tea Bristro","1125":"Myers & Chang","1126":"Mythos Pizza","1127":"Myung Dong 1st Ave","1128":"N.U. Stetson Hall East","1129":"N.U. Stetson Hall West","1130":"NANNING WOK","1131":"NAVY YARD BISTRO & WINE BAR","1132":"NEPTUNE RESTAURANT","1133":"NEW ENGLAND AQUARIUM CORP.","1134":"NEW GOLDEN GATE RESTAURANT","1135":"NEW HONG KONG RESTAURANT","1136":"NEW SAIGON SANDWICH INC.","1137":"NEW YORK FRIED CHICKEN","1138":"NEW YORK FRIED CHICKEN & PIZZA","1139":"NEW YORK STYLE CHICKEN AND PIZZA","1140":"NICK'S","1141":"NICOLE'S PIZZA","1142":"NINE ZERO HOTEL","1143":"NIX'S MATE","1144":"NIXON & PEABODY","1145":"NO NAME","1146":"NORTH STREET GRILLE & CAFE","1147":"Napoles","1148":"Napper Tandys","1149":"Natalie's Pizza","1150":"Nebo Ristorante\/Enoteca","1151":"Neighborhoods","1152":"Nevilles Bakery & Restaurant","1153":"New Dong Khanh Restaurant","1154":"New England Center For Arts & Technology","1155":"New Jumbo Seafood","1156":"New Market Pizza & Grill","1157":"New Moon Villa Restaurant","1158":"New York Fried Chicken","1159":"New York Fried Chicken (1251 River St.)","1160":"New York Pizza","1161":"Nfarra 2","1162":"Nhu Lan Fast Food","1163":"Nicholas Sub & Pizza Shop","1164":"Nick's Pizza & Seafood","1165":"Nicks","1166":"Nico Restaurant","1167":"Nino's Pizza","1168":"No. 1 Chinese Restaurant","1169":"No. 9 Park LLC","1170":"Nonno's","1171":"Noodle Barn","1172":"North End Zone (meatball OB)","1173":"Northeastern University\/Cafe Crossing","1174":"Norvias Place","1175":"Nos Casa Cafe","1176":"Nourish Your Soul","1177":"Nu Flav Restaurant","1178":"Nunzio's Pizzeria","1179":"O YA RESTAURANT","1180":"O Yummy Cuisine","1181":"O! Deli","1182":"O'Brien's Pub","1183":"O'Saraceno","1184":"ODYSSEY CRUISES","1185":"OLIVEIRA'S RESTAURANT","1186":"OLIVER'S ST CAFE","1187":"OMNI PARKER HOUSE","1188":"ONLY ONE JAMAICAN RESTAURANT","1189":"ORIENTAL HOUSE","1190":"ORIENTAL HOUSE","1191":"Off the Boat","1192":"Ogawa Coffee","1193":"One Restaurant & Lounge","1194":"Orange Leaf","1195":"Osaka Express","1196":"Our House","1197":"P S Gourmet Coffee","1198":"P.F.CHANG'S CHINA BISTRO","1199":"PAD THAI CAFE","1200":"PANDA EXPRESS #208","1201":"PANIFICIO","1202":"PAPA GINO'S","1203":"PAPA GINO'S","1204":"PAPA GINO'S","1205":"PAPA GIORGIO'S","1206":"PAPA RINO'S PIZZA","1207":"PAPA'S ROAST BEEF AND PIZZA","1208":"PARADISE","1209":"PARADISE BAKERY & CAFE","1210":"PARAMOUNT","1211":"PARLA","1212":"PASTEUR RESTAURANT I I","1213":"PATS PIZZA","1214":"PEACH FARM RESTAURANT","1215":"PEKING HOUSE","1216":"PERKIN'S SQ DELI","1217":"PHO 2000","1218":"PHO AND I  INC.","1219":"PHO SO 1 BOSTON","1220":"PIERROT","1221":"PIZZA OGGI","1222":"PIZZA PIE-ER","1223":"PIZZERIA REGINA @ PRUDENTIAL","1224":"PIZZERIA REGINA OF SO. STATION","1225":"PLAYWRIGHT CAFE'","1226":"PLAZA DELI II","1227":"POCKETS BILLIARD CLUB","1228":"PORTER BELLY'S","1229":"PORTERS BAR & GRILL","1230":"PREZZA","1231":"PRIEL'S RESTAURANT PIZZA & MORE","1232":"PRIMO'S RESTAURANT","1233":"PROVINCE PLACE","1234":"PU PU PLATTER RESTAURANT","1235":"PUNTO ROJO","1236":"PURPLE CACTUS","1237":"PUSHCART CAFE","1238":"Pagliuca's Restaurant","1239":"Paleo Life","1240":"Palm  Restaurant  (1 International Place)","1241":"Panera Bread","1242":"Panera Bread # 1636","1243":"Panera Bread #1415","1244":"Panera Bread Bakery Cafe","1245":"Panera Bread Bakery Cafe (Stuart St.)","1246":"Panera Bread Bakery\/Cafe # 1411","1247":"Panza","1248":"Paolo's","1249":"Papa Gino's","1250":"Papa Razzi","1251":"Papagayo","1252":"Papagayo","1253":"Papagayo","1254":"Paraiso Restaurant","1255":"Parish Cafe","1256":"Parkside Cafe 1","1257":"Parkside Cafe 2","1258":"Pasta Beach","1259":"Pat's Kitchen","1260":"Pat's Place","1261":"Paul","1262":"Pauli's","1263":"Pavement Coffee House","1264":"Pavement Coffeehouse","1265":"Pavement Coffeehouse","1266":"Pavement Coffeehouse","1267":"Pavia","1268":"Pavillion Restaurant","1269":"Pedro's Tacos","1270":"Peet's Coffee & Tea","1271":"Peet's Coffee Shop","1272":"Pellinos Ristorante","1273":"Perry's Catering","1274":"Pete's Seafood","1275":"Petit Robert Central","1276":"Pho Hoa Restaurant","1277":"Pho Le","1278":"Phuket Thai  Restaurant","1279":"Piadina Cafe","1280":"Piattini","1281":"Pic A Pasta","1282":"Pikaichi","1283":"Pikalo J.P.","1284":"Pin Bochinche Restaurant","1285":"Pinkberry","1286":"Pinkberry","1287":"Pino's Pizza House","1288":"Piperi Restaurant","1289":"Pita Kabob","1290":"Pita Thyme","1291":"Pizza 24","1292":"Pizza Days","1293":"Pizza E.T.C.","1294":"Pizza Stop","1295":"Pizzanini","1296":"Pizzatalia","1297":"Pizzeria Regina","1298":"Players Club","1299":"Pleasant Cafe","1300":"Pollo Campero","1301":"Pollos A La Brasa Beto's","1302":"Popeyes","1303":"Popeyes Chicken & Biscuit","1304":"Popeyes Louisanna Kitchen","1305":"Potbelly Sandwich Shop","1306":"Potbelly Sandwich Shop (275 Washington St.)","1307":"Potluck Cafe","1308":"Pressed","1309":"Pret A Manger","1310":"Pret A Manger","1311":"Pret A Manger","1312":"Pret A Manger (185 Franklin St.)","1313":"Pret-A-Manger","1314":"Prima e Dopo","1315":"Project Place Gatehouse","1316":"PunJab Palace","1317":"Puritan Restaurant","1318":"QUATTRO RISTORANTE  GRILL & PIZZERIA","1319":"Qdoba Mexican Grill","1320":"Qdoba Mexican Grill #2207","1321":"Qdoba Mexican Grill #2592","1322":"Quality Mart","1323":"Que  Padre","1324":"Quic Pic BBQ","1325":"RABIA'S RESTAURANT","1326":"REDNECKS ROAST BEEF\/CAFE MITI","1327":"RESTAURANT CLIO","1328":"RF ROOF","1329":"RFV","1330":"RICCARDO'S RISTORANTE","1331":"RIDDICK'S HOUSE OF PIZZA","1332":"RINCON LIMENO","1333":"RINO'S PIZZA","1334":"RISTORANTE EUNO","1335":"RISTORANTE LUCIA","1336":"RITZ-CARLTON BOSTON COMMON","1337":"RIVER STREET GRILL","1338":"RIVERSIDE CAFE-LEV1","1339":"RIZZO'S PIZZA","1340":"ROCHE BROS. SUPERMARKET","1341":"ROCK BOTTOM REST. & BREWERY","1342":"ROMANO'S","1343":"ROSLINDALE HOUSE OF PIZZA","1344":"ROYAL ROAST BEEF & SEAFOOD","1345":"Raising Cane's","1346":"Ray & Joan Kruk Community Center","1347":"Readville Tavern Inc.","1348":"Rebecca's Cafe","1349":"Rebecca's Cafe","1350":"Rebecca's Cafe","1351":"Rebecca's Cafe","1352":"Rebecca's Cafe Inc.","1353":"Red Barn Coffee Roasters","1354":"Red Barn Coffee Roasters (FHSq.)","1355":"Red Hat Cafe","1356":"Red Lantern","1357":"Red Line Pizza and Grill","1358":"Red Mango @ Boston Childrens","1359":"Red Mango(334 Mass. Ave.)","1360":"Redd's In Rozzie","1361":"Refuge Cafe","1362":"Regal","1363":"Reggae On the Grill","1364":"Regina Pizza of Allston","1365":"Renaissance Hotel (Club Lounge)","1366":"Renaissance Hotel (Employee Cafe)","1367":"Renaissance Hotel (Lobby Lounge)","1368":"Renaissance Hotel (Main Kitchen)","1369":"Renaissance Hotel (Starbucks)","1370":"Render Coffee","1371":"Residence Inn Fenway - Boston","1372":"Residence Inn by Marriott","1373":"Restaurant Laura","1374":"Restaurant at 33 Hancock","1375":"Restaurante Cesaria","1376":"Revolution Juice","1377":"Ria Cafe","1378":"Rice Bowl","1379":"Richy's","1380":"Right Field Inseat","1381":"Right Field Pantry","1382":"Rigoletto","1383":"Ristorante Toscano Inc.","1384":"River Grille Restaurant & Cafe Inc.","1385":"Roanny Restaurant","1386":"Roast Beast of Boston","1387":"Robinwood Cafe & Grille","1388":"Rock City Pizza","1389":"Rod Dee 2 Thai Cuisine","1390":"Roka","1391":"Rome Pizza","1392":"Rondo's Sub Shop","1393":"Roost Bistro on Newbury","1394":"Root","1395":"Rosso B","1396":"Rosticeria Cancun","1397":"Row 34","1398":"Rox Diner","1399":"Roxys Grilled Cheese","1400":"Royal Fried Chicken","1401":"Royale","1402":"Rustic Kitchen","1403":"Rustica Pizza","1404":"Ruth's Chris Steak House","1405":"SABATINO'S ITALIAN KITCHEN","1406":"SAKURAABANA INC","1407":"SAL'S PIZZA","1408":"SALSA'S MEXICAN GRILLED","1409":"SALSAS MEXICAN GRILL","1410":"SANDWICH EXPRESS","1411":"SBARRO RESTAURANT","1412":"SCOLA'S CAFE","1413":"SCOLLAY SQUARE","1414":"SHANGHAI GATEWAY RESTAURANT","1415":"SHEA'S TAVERN","1416":"SHRINERS' HOSP. FOR CHILDREN","1417":"SIDE STREET CAFE","1418":"SIDEWALK CAFE","1419":"SILVERTONE BAR & GRILL","1420":"SIMCO'S INC.","1421":"SIMCO'S RESTAURANT","1422":"SIMMONS COLLEGE-THE FENS","1423":"SINGH'S ROTI SHOP","1424":"SIP","1425":"SMITH & WOLLENSKY OF BOSTON","1426":"SODEXO @ CABOT CORP.","1427":"SODEXO UMASS-ATRIUM","1428":"SODEXO Wheelock College Dining Room 2nd Fl.","1429":"SODEXO\/JAZZMAN","1430":"SONSIE","1431":"SOPHIA'S GROTTO","1432":"SORELLINA RESTAURANT","1433":"SOUPER SALAD","1434":"SOUTH BOSTON YACHT CLUB","1435":"SOUTHERN BAPTIST CHURCH","1436":"SPEEDY CHEN'S CHINESE RESTAURANT","1437":"SPIKE'S JUNKYARD DOGS","1438":"SPORTS CONNECTION BAR & GRILL","1439":"SPORTS GRILLE BOSTON","1440":"SPRING ST. CAFE","1441":"SPUKIES PIZZA RESTAURANT","1442":"SQUEALING PIG","1443":"STALEX RESTAURANT","1444":"STANDISH VILLAGE","1445":"STARBUCKS COFFEE","1446":"STARBUCKS COFFEE # 7823","1447":"STARBUCKS COFFEE # 864","1448":"STARBUCKS COFFEE # 870","1449":"STARBUCKS COFFEE CO.","1450":"STARBUCKS COFFEE INC.","1451":"STARBUCKS COFFEE KIOSK","1452":"STASH'S PIZZA","1453":"STASH'S ROSLINDALE","1454":"STATE ST\/FINANCIAL CENTER(CAFETERIA)","1455":"STEFANO'S PIZZA","1456":"STELLA","1457":"STEPHANIE'S ON NEWBURY","1458":"STREGA","1459":"SUFFOLK UNIVERSITY CAFE","1460":"SUGAR BOWL","1461":"SUISHAYA RESTAURANT","1462":"SULLY'S PUB","1463":"SULTAN'S KITCHEN","1464":"SUN PIZZA","1465":"SUN-AH'S CAFE","1466":"SUPER FRY","1467":"SUSAN BAILIS ASSISTED LIVING","1468":"SUSHI TIME","1469":"SYMPHONY SUSHI","1470":"Sa Pa","1471":"Sa Pa 2","1472":"Sabroso Taqueria","1473":"Saigon Restaurant","1474":"Saints Diner","1475":"Sakura Japan","1476":"Sal's Pizza\/Bakery","1477":"Saladworks","1478":"Sals Lunch","1479":"Salty Pig","1480":"Sams","1481":"Samurai Boston","1482":"Samurai Express","1483":"Samurai Kuang Eatery","1484":"Sandella's Flatbread Cafe","1485":"Santander Bank Coffee Bar","1486":"Santander Bank Executive Dining Room","1487":"Santo Domingo  Restaurant","1488":"Sarah Care","1489":"Sarkar International Inc.","1490":"Sarku Japan","1491":"Sate Asian Grill - Roxbury","1492":"Sate Grill","1493":"Saturday Afternoon","1494":"Saus Boston","1495":"Savin Bar And Kitchen","1496":"Savin Hill Yacht Club","1497":"Savin Scoops","1498":"Savvor Restaurant & Lounge","1499":"Scali Deli Cafe","1500":"Scampo","1501":"Scholars Restaurant","1502":"Schraffts Center Cafe","1503":"Scoozi","1504":"Scoozi (237 Newbury St.)","1505":"Seafood El Buchu","1506":"Seaport Hotel","1507":"Seaside Cafe","1508":"Sebastians Cafe","1509":"Select Oyster Bar","1510":"Seller's Cafe@N.E. College of Optometry","1511":"Seoul","1512":"Seoul Soulongtang","1513":"Serafina Boston","1514":"Seven Star Street Bistro","1515":"Seven's Ale House","1516":"Shabu Zen Restaurant","1517":"Shanghai Social Club","1518":"Shanti Boston","1519":"Shawarma Falafel","1520":"Shojo","1521":"Showa Womens Institution","1522":"Siam Bistro","1523":"Silver Slipper","1524":"Silvio O. Conte Forum East Roof 2A","1525":"Silvio O. Conte Forum East Roof 2B","1526":"Silvio O. Conte Forum East Roof 2C","1527":"Silvio O. Conte Forum East Roof 2D","1528":"Silvio O. Conte Forum East Roof 3A","1529":"Silvio O. Conte Forum East Roof 3B","1530":"Silvio O. Conte Forum East Roof Eagle Cart","1531":"Silvio O. Conte Forum Yawkey 4th Fl.","1532":"Sip Wine Bar & Kitchen","1533":"Slade's Bar & Grill","1534":"Slate","1535":"Sleeper St. Cafe","1536":"Sleeper Street Cafe","1537":"Smoothie King","1538":"Snappy Sushi","1539":"Society On High","1540":"Sodexo @ Genzyme Allston","1541":"Sol Azteca","1542":"Somerset Club","1543":"Sonny's Restaurant","1544":"Sorella's","1545":"Sorelle","1546":"Soul Fire","1547":"Soulfire","1548":"South End Buttery(314 Shawmut Ave.)","1549":"South End Pita","1550":"South Ocean Chinese Restaurant","1551":"South St. Diner","1552":"Spagnoulos","1553":"Sportello","1554":"Spring House","1555":"Squeeze Cafe & Juice Bar","1556":"St. Elizabeth's Medical Center","1557":"St. Mary's Women And Children's Ctr.","1558":"Stadium Sports Bar & Grille","1559":"Star Markets#7576\/538","1560":"Starbucks","1561":"Starbucks Coffee","1562":"Starbucks Coffee","1563":"Starbucks Coffee","1564":"Starbucks Coffee # 10599","1565":"Starbucks Coffee # 7234","1566":"Starbucks Coffee # 7531","1567":"Starbucks Coffee # 7535","1568":"Starbucks Coffee # 7544","1569":"Starbucks Coffee # 7564","1570":"Starbucks Coffee # 7805","1571":"Starbucks Coffee # 830","1572":"Starbucks Coffee # 869","1573":"Starbucks Coffee # 883","1574":"Starbucks Coffee #22566","1575":"Starbucks Coffee #9463","1576":"Starbucks Coffee (South Station)","1577":"Starbucks Coffee Co.","1578":"Starbucks Coffee Co. #7808","1579":"Starbucks Coffee Co. #872","1580":"Starbucks Coffee Co. #875","1581":"Starbucks Coffee Company","1582":"State Room","1583":"State Street Express @MBTA State St. Line","1584":"Stats Bar & Grille","1585":"Stephis in Southie","1586":"Sterlings","1587":"Steve's Greek Cuisine Inc.","1588":"Sticky Rice Cafe","1589":"Stockyard","1590":"Stoddard's Fine Food & Ale","1591":"Stone Hearth Pizza Co.","1592":"Stop & Shop Supermarket #075","1593":"Stop & Shop Supermarkt Co.","1594":"Stop & Taste","1595":"Storyville","1596":"Strega Caffe & Pizzeria","1597":"Su Su Gourmet","1598":"Subway","1599":"Subway","1600":"Subway","1601":"Subway","1602":"Subway","1603":"Subway","1604":"Subway","1605":"Subway","1606":"Subway","1607":"Subway","1608":"Subway","1609":"Subway","1610":"Subway","1611":"Subway","1612":"Subway","1613":"Subway (138 Cambridge St.)","1614":"Subway (1438 Commonwealth Ave.)","1615":"Subway (1868 Centre St.)","1616":"Subway (315 Centre St.)","1617":"Subway (334 Mass. Ave.)","1618":"Subway (76 Summer St.)","1619":"Suffolk University Law School","1620":"Sullivan's Restaurant","1621":"Sullivan's Tap","1622":"Summer Shack","1623":"Super Fusion Express","1624":"Super Stop & Shop","1625":"Super Stop & Shop","1626":"Supreme House of Pizza","1627":"Supreme Pizza","1628":"Surf City Squeeze","1629":"Sushi Station","1630":"Sushiemon","1631":"Sweet Kingdom","1632":"Sweet Life Bakery and Cafe","1633":"Sweet Pepper Restaurant","1634":"Sweetgreen","1635":"Swish Shabu","1636":"Swissbakers","1637":"T'S PUB","1638":"TACO MEX","1639":"TACOMANIA RESTAURANT","1640":"TAIWAN CAFE","1641":"TALK AND WOK CAFE","1642":"TANGIERINO","1643":"TANTRIC INDIA BISTRO","1644":"TAPEO RESTAURANT & TAPAS BAR","1645":"TAQUERIA EL CARRIZAL","1646":"TAQUERIA JALISCO","1647":"TARANTA","1648":"TASCA RESTAURANT","1649":"TASTE OF THE TOWN","1650":"TATO'S PIZZERIA & SUB SHOP","1651":"TEATRO","1652":"TEN TABLES","1653":"TERRAMIA RISTORANTE","1654":"THAI ACCENT","1655":"THAI BASIL","1656":"THAI DISH RESTAURANT","1657":"THE BARKING CRAB","1658":"THE BELVEDERE CONDOMINIUM","1659":"THE BOSTON ICE CREAM FACTORY","1660":"THE CAFE ON NEW CHARDON ST.","1661":"THE CATERED AFFAIR @ BOS. PUBLIC LIBRARY(T.O.)","1662":"THE CATERED AFFAIR @ BOSTON PUBLIC LIBRARY","1663":"THE CHARLES PLAYHOUSE","1664":"THE ELEPHANT WALK","1665":"THE FIELD HOUSE","1666":"THE GOOD LIFE","1667":"THE GRAND CANAL","1668":"THE HARP","1669":"THE HILL TAVERN","1670":"THE HUB PUB","1671":"THE JUNCTION","1672":"THE LOWER DEPTHS","1673":"THE MASTER MCGRATH","1674":"THE PLACE","1675":"THE POINT","1676":"THE TAM","1677":"THE TAP","1678":"THE UNION LOUNGE","1679":"THE UNIVERSITY OF MASSACHUSETTS CLUB","1680":"THE WAPO TACO","1681":"THEO'S COZY CORNER RESTAURANT","1682":"TIA'S WATERFRONT","1683":"TICO","1684":"TOM ENGLISH CAFE","1685":"TOPASIO RESTAURANT","1686":"TORO","1687":"TOUCHIE'S SHAMROCK PUB","1688":"TRATTORIA TOSCANA","1689":"TREMONT CAFETERIA","1690":"TREMONT HOUSE OF PIZZA","1691":"TRIDENT BOOKSELLERS AND CAFE","1692":"TROQUET","1693":"TWIN DONUTS","1694":"Taco Bell # 29265","1695":"Taj Boston","1696":"Taqueria Cancun","1697":"Tarboosh Pizza & Grill","1698":"Target Pizza","1699":"Taste of Eden","1700":"Tasty Burger","1701":"Tasty Burger.","1702":"Tatte Bakery & Cafe","1703":"Tavern At End Of The World","1704":"Tavern Club","1705":"Tavern In The Square","1706":"Tavern In The Square Restaurant (So. Station)","1707":"Tavern Road","1708":"Tea Do","1709":"Tealosophy","1710":"Telegraph Hill","1711":"Temple Place Cafe","1712":"Tenoch Mexican","1713":"Teriyaki House","1714":"Teriyaki House","1715":"Thai North Restaurant","1716":"Thai Place Restaurant","1717":"Thai Spice","1718":"Thaitation","1719":"Thao Ngoc Restaurant","1720":"The Alley Bar","1721":"The Ames Hotel Dining Room  Patio & 2 Bars","1722":"The Avenue Bar & Grill","1723":"The Avenue Grille","1724":"The Beehive","1725":"The Best Little Restaurant","1726":"The Brahmin","1727":"The Briar Rose","1728":"The Causeway","1729":"The Centre Bar","1730":"The Clubs @ Charles River Park","1731":"The Copley Square Hotel","1732":"The Corner Pub of Chinatown","1733":"The Corner Tavern","1734":"The Daily Squeeze","1735":"The Draft Bar & Grill","1736":"The Fairmount Grille","1737":"The Gallows","1738":"The Glenville Stops","1739":"The Greatest Bar","1740":"The Hawthorne","1741":"The Ice Creamsmith","1742":"The Inn @ St. Botolph","1743":"The Juice Bar","1744":"The Kitchen","1745":"The Landing","1746":"The Lansdowne","1747":"The Liberty Hotel","1748":"The Littlest Bar","1749":"The Market","1750":"The Merchant","1751":"The North Star","1752":"The Oceanaire Seafood Room","1753":"The Old Havana","1754":"The Olive Garden Italian Restaurant # 1674","1755":"The Paramount","1756":"The Porter Cafe","1757":"The Pour House","1758":"The Proper Slice","1759":"The Q","1760":"The Real Deal","1761":"The Real Deal(1936 Beacon St.)","1762":"The Reserve","1763":"The Restaurant @ Boston Athletic Club","1764":"The Rotisserie","1765":"The Skating Club of Boston","1766":"The Times Irish Pub & Restaurant","1767":"The Upper Crust","1768":"The Upper Crust","1769":"The Urban Art Bar","1770":"The Wheelhouse","1771":"The Wholy Grain","1772":"The Wild Rover Tavern","1773":"The Wright Grill @ Geo. Wright Golf Course","1774":"Thinking Cup L L C","1775":"Thirst Juice Co.","1776":"Thomson Reuters","1777":"Thomson Reuters (Starbucks)","1778":"Thornton's Restaurant","1779":"Thorntons Fenway Grille","1780":"Three Scoops","1781":"Tia's Cakes And Pastries","1782":"Tignda and Taqueria Guadalajara","1783":"Tikki Masala Indian Restaurant","1784":"Tin Tin Buffet","1785":"Tip Tap Room","1786":"Tom English Cottage","1787":"Tommy's Pizzeria","1788":"Toni Ann's","1789":"Tonic Restaurant","1790":"Tony's Place","1791":"Top Griyo","1792":"Top of The Hill","1793":"Tossed","1794":"Tostado","1795":"Towne","1796":"Trade","1797":"Trattoria Andiamo","1798":"Trattoria Newbury","1799":"Tremont 647","1800":"Tres Gatos Cafe","1801":"Trio Cafe","1802":"Triple Eatery","1803":"Tsushi Inc.","1804":"Tu Metapan Restaurant","1805":"Twelve Bens","1806":"Typhoon Restaurant","1807":"UD Kitchen","1808":"UGIS SUBS","1809":"UNION OYSTER HOUSE","1810":"UNIVERSITY HOUSE OF PIZZA","1811":"Uburger","1812":"Ugi's Pizza","1813":"Ula Cafe","1814":"Umai Japanese Restaurant","1815":"Undine Cafe @ Caturano Co.","1816":"Unidine Corporation","1817":"Union Club of Boston","1818":"University Club of Boston","1819":"Uno Chicago Grill","1820":"Uno Chicago Grill","1821":"Uno Due Go","1822":"VANILLE-BAKERY & PASTRY","1823":"VAUGHN'S FISH N CHIPS","1824":"VENEZIA RESTAURANT (HARBOR LIGHTS)","1825":"VHP","1826":"VINA ROAST","1827":"VITO'S","1828":"VIVA MI AREPA","1829":"VOLLE NOLLE","1830":"Van's Restaurant & Bar","1831":"Vee Vee","1832":"Vejigamtes Restaurant","1833":"Very Berry Frozen Yogurt","1834":"Victoria Seafood","1835":"Victoria's Diner","1836":"Viga","1837":"Viga","1838":"Viga (133 Pearl Street)","1839":"Viga Italian Eatery","1840":"Viga-The Deck @ Digitas Co.","1841":"Villa Francesca","1842":"Villa Sombrero Cafe","1843":"Village Pizza & Grill","1844":"Village Sushi & Grill","1845":"Vintage Lounge","1846":"Viva Burrito","1847":"Vlora","1848":"W Boston Banquet Rooms & Kitchen","1849":"W Boston Library Bar","1850":"W Boston Market by Jean George & Emp.Caf.","1851":"WAI WAI ICE CREAM SHOP","1852":"WALLY'S","1853":"WARREN TAVERN","1854":"WATERFRONT CAFE","1855":"WBZ Cafe","1856":"WENDY'S OLD FASHIONED HAMBURE","1857":"WENDY'S OLD FASHIONED HAMBURERS","1858":"WEST END HOUSE\/BOYS-GIRLS CLUB","1859":"WEST GARDEN CHINESE","1860":"WESTBURY RESTAURANT","1861":"WHITE HORSE TAVERN","1862":"WHOLE FOODS MARKET","1863":"WHOLE FOODS MARKET(Cambridge St.)","1864":"WICH ! T","1865":"WILD GREENS","1866":"WINDY CITY AT ADAMS VILLAGE","1867":"WONDER SPICE CAFE","1868":"WONGS","1869":"WOODY'S GRILL & TAP","1870":"Walgreens","1871":"Ward 8","1872":"Warehouse Bar & Grille","1873":"West Napoli Pizza","1874":"Wheels Up Club","1875":"Whiskey's Steakhouse & Saloon","1876":"William's Tavern","1877":"Wing's Kitchen","1878":"Wings Over Boston","1879":"Wingz Xpress","1880":"Winsor DimSum Cafe","1881":"Wired Puppy","1882":"Wok 'N Talk","1883":"Woodys Pizza","1884":"Wyndham Boston Beacon Hill-The Dean's List","1885":"XINH XINH RESTAURANT","1886":"Y06","1887":"YADA YADA BAKERY CAFE","1888":"YAN'S CHINA STAR","1889":"YANET RESTAURANT","1890":"YAWKEY CENTER \"COFFEE SOUTH\"","1891":"YAWKEY CLUB OF ROXBURY","1892":"YONG KONG","1893":"YUM MEE GARDEN","1894":"Yale Appliance & Lighting","1895":"Yamato Japanese Cuisine","1896":"Yanes Burrito's","1897":"Yard House","1898":"Yely's Coffee Shop","1899":"Yo Berry","1900":"Yummy Yummy","1901":"ZESTO'S PIZZA","1902":"Zaz Restaurant","1903":"Zen Restaurant","1904":"Zest Mediterranean Grill","1905":"Ziti's Express","1906":"Zo","1907":"Zocalo Cocina Mexicana","1908":"Zume's Coffee House","1909":"city landing"},"Zip":{"0":2132.0,"1":2136.0,"2":2108.0,"3":2125.0,"4":2116.0,"5":2127.0,"6":2111.0,"7":2199.0,"8":2108.0,"9":2130.0,"10":2108.0,"11":2108.0,"12":2129.0,"13":2131.0,"14":2134.0,"15":2127.0,"16":2120.0,"17":2116.0,"18":2115.0,"19":2115.0,"20":2132.0,"21":2108.0,"22":2114.0,"23":2108.0,"24":2110.0,"25":2113.0,"26":2118.0,"27":2127.0,"28":2120.0,"29":2126.0,"30":2111.0,"31":2127.0,"32":2110.0,"33":2127.0,"34":2122.0,"35":2109.0,"36":2113.0,"37":2114.0,"38":2125.0,"39":2118.0,"40":2109.0,"41":2115.0,"42":2110.0,"43":2114.0,"44":2135.0,"45":2125.0,"46":2124.0,"47":2136.0,"48":2113.0,"49":2116.0,"50":2115.0,"51":2124.0,"52":2135.0,"53":2116.0,"54":2115.0,"55":2116.0,"56":2111.0,"57":2132.0,"58":2114.0,"59":2134.0,"60":2135.0,"61":2135.0,"62":2135.0,"63":2135.0,"64":2135.0,"65":2115.0,"66":2134.0,"67":2129.0,"68":2128.0,"69":2113.0,"70":2118.0,"71":2128.0,"72":2132.0,"73":2114.0,"74":2111.0,"75":2119.0,"76":2116.0,"77":2131.0,"78":2108.0,"79":2113.0,"80":2119.0,"81":2114.0,"82":2134.0,"83":2115.0,"84":2109.0,"85":2111.0,"86":2114.0,"87":2115.0,"88":2116.0,"89":2215.0,"90":2109.0,"91":2210.0,"92":2127.0,"93":2110.0,"94":2215.0,"95":2130.0,"96":2111.0,"97":2111.0,"98":2134.0,"99":2116.0,"100":2125.0,"101":2108.0,"102":2215.0,"103":2110.0,"104":2116.0,"105":2215.0,"106":2134.0,"107":2113.0,"108":2119.0,"109":2135.0,"110":2135.0,"111":2116.0,"112":2199.0,"113":2128.0,"114":2111.0,"115":2114.0,"116":2215.0,"117":2116.0,"118":2116.0,"119":2109.0,"120":2134.0,"121":2109.0,"122":2124.0,"123":2132.0,"124":2114.0,"125":2131.0,"126":2108.0,"127":2109.0,"128":2122.0,"129":2131.0,"130":2115.0,"131":2135.0,"132":2124.0,"133":2115.0,"134":2113.0,"135":2127.0,"136":2110.0,"137":2122.0,"138":2110.0,"139":2108.0,"140":2113.0,"141":2115.0,"142":2135.0,"143":2215.0,"144":2135.0,"145":2201.0,"146":2108.0,"147":2130.0,"148":2115.0,"149":2129.0,"150":2115.0,"151":2116.0,"152":2116.0,"153":2111.0,"154":2134.0,"155":2132.0,"156":2109.0,"157":2116.0,"158":2108.0,"159":2131.0,"160":2215.0,"161":2128.0,"162":2108.0,"163":2210.0,"164":2115.0,"165":2130.0,"166":2215.0,"167":2215.0,"168":2127.0,"169":2109.0,"170":2114.0,"171":2111.0,"172":2136.0,"173":2109.0,"174":2108.0,"175":2111.0,"176":2108.0,"177":2111.0,"178":2130.0,"179":2113.0,"180":2116.0,"181":2199.0,"182":2116.0,"183":2113.0,"184":2115.0,"185":2134.0,"186":2134.0,"187":2110.0,"188":2130.0,"189":2108.0,"190":2116.0,"191":2215.0,"192":2116.0,"193":2114.0,"194":2116.0,"195":2109.0,"196":2111.0,"197":2118.0,"198":2215.0,"199":2111.0,"200":2134.0,"201":2199.0,"202":2115.0,"203":2210.0,"204":2119.0,"205":2119.0,"206":2126.0,"207":2130.0,"208":2124.0,"209":2210.0,"210":2215.0,"211":2135.0,"212":2128.0,"213":2109.0,"214":2110.0,"215":2116.0,"216":2135.0,"217":2116.0,"218":2215.0,"219":2116.0,"220":2210.0,"221":2110.0,"222":2134.0,"223":2114.0,"224":2124.0,"225":2127.0,"226":2215.0,"227":2215.0,"228":2199.0,"229":2110.0,"230":2111.0,"231":2116.0,"232":2116.0,"233":2125.0,"234":2125.0,"235":2134.0,"236":2109.0,"237":2111.0,"238":2116.0,"239":2109.0,"240":2109.0,"241":2118.0,"242":2109.0,"243":2110.0,"244":2111.0,"245":2116.0,"246":2116.0,"247":2109.0,"248":2215.0,"249":2131.0,"250":2130.0,"251":2135.0,"252":2115.0,"253":2115.0,"254":2115.0,"255":2163.0,"256":2135.0,"257":2134.0,"258":2126.0,"259":2110.0,"260":2110.0,"261":2111.0,"262":2108.0,"263":2125.0,"264":2127.0,"265":2128.0,"266":2134.0,"267":2215.0,"268":2132.0,"269":2131.0,"270":2132.0,"271":2215.0,"272":2131.0,"273":2121.0,"274":2134.0,"275":2120.0,"276":2119.0,"277":2128.0,"278":2118.0,"279":2120.0,"280":2127.0,"281":2215.0,"282":2115.0,"283":2108.0,"284":2135.0,"285":2128.0,"286":2114.0,"287":2127.0,"288":2113.0,"289":2108.0,"290":2199.0,"291":2134.0,"292":2113.0,"293":2125.0,"294":2116.0,"295":2108.0,"296":2130.0,"297":2124.0,"298":2118.0,"299":2115.0,"300":2114.0,"301":2136.0,"302":2130.0,"303":2120.0,"304":2134.0,"305":2116.0,"306":2110.0,"307":2115.0,"308":2118.0,"309":2118.0,"310":2124.0,"311":2115.0,"312":2111.0,"313":2113.0,"314":2134.0,"315":2126.0,"316":2128.0,"317":2132.0,"318":2122.0,"319":2109.0,"320":2116.0,"321":2125.0,"322":2115.0,"323":2130.0,"324":2127.0,"325":2215.0,"326":2134.0,"327":2109.0,"328":2127.0,"329":2127.0,"330":2215.0,"331":2130.0,"332":2119.0,"333":2135.0,"334":2132.0,"335":2116.0,"336":2135.0,"337":2116.0,"338":2127.0,"339":2215.0,"340":2127.0,"341":2128.0,"342":2125.0,"343":2215.0,"344":2215.0,"345":2115.0,"346":2118.0,"347":2130.0,"348":2111.0,"349":2108.0,"350":2134.0,"351":2118.0,"352":2108.0,"353":2128.0,"354":2114.0,"355":2116.0,"356":2130.0,"357":2115.0,"358":2113.0,"359":2130.0,"360":2115.0,"361":2113.0,"362":2110.0,"363":2130.0,"364":2124.0,"365":2128.0,"366":2113.0,"367":2108.0,"368":2109.0,"369":2115.0,"370":2118.0,"371":2210.0,"372":2108.0,"373":2109.0,"374":2130.0,"375":2110.0,"376":2108.0,"377":2134.0,"378":2125.0,"379":2111.0,"380":2115.0,"381":2111.0,"382":2115.0,"383":2118.0,"384":2135.0,"385":2124.0,"386":2111.0,"387":2122.0,"388":2215.0,"389":2135.0,"390":2135.0,"391":2116.0,"392":2135.0,"393":2111.0,"394":2122.0,"395":2111.0,"396":2124.0,"397":2124.0,"398":2111.0,"399":2135.0,"400":2110.0,"401":2108.0,"402":2110.0,"403":2111.0,"404":2215.0,"405":2215.0,"406":2118.0,"407":2215.0,"408":2115.0,"409":2111.0,"410":2116.0,"411":2113.0,"412":2108.0,"413":2118.0,"414":2199.0,"415":2116.0,"416":2125.0,"417":2116.0,"418":2132.0,"419":2114.0,"420":2135.0,"421":2210.0,"422":2210.0,"423":2210.0,"424":2210.0,"425":2135.0,"426":2135.0,"427":2135.0,"428":2135.0,"429":2135.0,"430":2135.0,"431":2135.0,"432":2135.0,"433":2135.0,"434":2114.0,"435":2113.0,"436":2118.0,"437":2116.0,"438":2111.0,"439":2111.0,"440":2109.0,"441":2110.0,"442":2210.0,"443":2110.0,"444":2111.0,"445":2128.0,"446":2130.0,"447":2124.0,"448":2116.0,"449":2125.0,"450":2128.0,"451":2111.0,"452":2199.0,"453":2116.0,"454":2135.0,"455":2115.0,"456":2119.0,"457":2109.0,"458":2134.0,"459":2116.0,"460":2130.0,"461":2136.0,"462":2116.0,"463":2128.0,"464":2117.0,"465":2119.0,"466":2125.0,"467":2134.0,"468":2127.0,"469":2128.0,"470":2136.0,"471":2132.0,"472":2131.0,"473":2136.0,"474":2135.0,"475":2134.0,"476":2124.0,"477":2111.0,"478":2113.0,"479":2130.0,"480":2113.0,"481":2135.0,"482":2129.0,"483":2128.0,"484":2114.0,"485":2116.0,"486":2130.0,"487":2135.0,"488":2210.0,"489":2125.0,"490":2210.0,"491":2134.0,"492":2130.0,"493":2116.0,"494":2132.0,"495":2121.0,"496":2109.0,"497":2115.0,"498":2199.0,"499":2110.0,"500":2131.0,"501":2115.0,"502":2136.0,"503":2118.0,"504":2135.0,"505":2131.0,"506":2128.0,"507":2109.0,"508":2116.0,"509":2111.0,"510":2110.0,"511":2111.0,"512":2113.0,"513":2118.0,"514":2135.0,"515":2210.0,"516":2131.0,"517":2131.0,"518":2125.0,"519":2131.0,"520":2128.0,"521":2119.0,"522":2114.0,"523":2116.0,"524":2113.0,"525":2115.0,"526":2134.0,"527":2127.0,"528":2128.0,"529":2131.0,"530":2134.0,"531":2215.0,"532":2136.0,"533":2129.0,"534":2115.0,"535":2124.0,"536":2122.0,"537":2125.0,"538":2128.0,"539":2127.0,"540":2124.0,"541":2128.0,"542":2115.0,"543":2131.0,"544":2210.0,"545":2130.0,"546":2119.0,"547":2115.0,"548":2111.0,"549":2111.0,"550":2111.0,"551":2115.0,"552":2108.0,"553":2110.0,"554":2111.0,"555":2114.0,"556":2115.0,"557":2116.0,"558":2122.0,"559":2127.0,"560":2128.0,"561":2130.0,"562":2134.0,"563":2135.0,"564":2136.0,"565":2120.0,"566":2134.0,"567":2127.0,"568":2126.0,"569":2114.0,"570":2114.0,"571":2215.0,"572":2116.0,"573":2110.0,"574":2130.0,"575":2118.0,"576":2108.0,"577":2110.0,"578":2116.0,"579":2119.0,"580":2120.0,"581":2124.0,"582":2125.0,"583":2127.0,"584":2129.0,"585":2130.0,"586":2210.0,"587":2132.0,"588":2109.0,"589":2109.0,"590":2111.0,"591":2119.0,"592":2128.0,"593":2130.0,"594":2128.0,"595":2128.0,"596":2128.0,"597":2128.0,"598":2128.0,"599":2128.0,"600":2115.0,"601":2116.0,"602":2108.0,"603":2111.0,"604":2118.0,"605":2114.0,"606":2127.0,"607":2130.0,"608":2110.0,"609":2116.0,"610":2128.0,"611":2135.0,"612":2128.0,"613":2134.0,"614":2126.0,"615":2121.0,"616":2130.0,"617":2119.0,"618":2109.0,"619":2130.0,"620":2128.0,"621":2135.0,"622":2115.0,"623":2132.0,"624":2118.0,"625":2110.0,"626":2116.0,"627":2109.0,"628":2115.0,"629":2129.0,"630":2121.0,"631":2114.0,"632":2116.0,"633":2124.0,"634":2113.0,"635":2135.0,"636":2109.0,"637":2118.0,"638":2124.0,"639":2119.0,"640":2125.0,"641":2130.0,"642":2215.0,"643":2111.0,"644":2136.0,"645":2108.0,"646":2129.0,"647":2111.0,"648":2114.0,"649":2108.0,"650":2114.0,"651":2116.0,"652":2116.0,"653":2116.0,"654":2116.0,"655":2116.0,"656":2199.0,"657":2116.0,"658":2126.0,"659":2120.0,"660":2124.0,"661":2114.0,"662":2116.0,"663":2109.0,"664":2113.0,"665":2124.0,"666":2114.0,"667":2116.0,"668":2126.0,"669":2130.0,"670":2130.0,"671":2114.0,"672":2118.0,"673":2132.0,"674":2108.0,"675":2110.0,"676":2130.0,"677":2114.0,"678":2215.0,"679":2215.0,"680":2210.0,"681":2210.0,"682":2122.0,"683":2114.0,"684":2135.0,"685":2215.0,"686":2135.0,"687":2215.0,"688":2116.0,"689":2134.0,"690":2116.0,"691":2115.0,"692":2118.0,"693":2124.0,"694":2109.0,"695":2109.0,"696":2109.0,"697":2115.0,"698":2210.0,"699":2116.0,"700":2130.0,"701":2134.0,"702":2116.0,"703":2109.0,"704":2130.0,"705":2122.0,"706":2128.0,"707":2111.0,"708":2110.0,"709":2114.0,"710":2128.0,"711":2124.0,"712":2108.0,"713":2127.0,"714":2109.0,"715":2134.0,"716":2199.0,"717":2135.0,"718":2122.0,"719":2118.0,"720":2113.0,"721":2111.0,"722":2116.0,"723":2111.0,"724":2120.0,"725":2134.0,"726":2111.0,"727":2128.0,"728":2108.0,"729":2122.0,"730":2114.0,"731":2116.0,"732":2114.0,"733":2116.0,"734":2111.0,"735":2130.0,"736":2109.0,"737":2118.0,"738":2127.0,"739":2134.0,"740":2113.0,"741":2108.0,"742":2116.0,"743":2113.0,"744":2130.0,"745":2113.0,"746":2116.0,"747":2113.0,"748":2127.0,"749":2115.0,"750":2116.0,"751":2131.0,"752":2110.0,"753":2109.0,"754":2130.0,"755":2110.0,"756":2129.0,"757":2109.0,"758":2128.0,"759":2134.0,"760":2111.0,"761":2125.0,"762":2135.0,"763":2115.0,"764":2121.0,"765":2116.0,"766":2116.0,"767":2116.0,"768":2131.0,"769":2110.0,"770":2115.0,"771":2134.0,"772":2119.0,"773":2114.0,"774":2109.0,"775":2111.0,"776":2118.0,"777":2163.0,"778":2163.0,"779":2134.0,"780":2110.0,"781":2115.0,"782":2131.0,"783":2108.0,"784":2111.0,"785":2118.0,"786":2215.0,"787":2122.0,"788":2108.0,"789":2119.0,"790":2215.0,"791":2109.0,"792":2110.0,"793":2125.0,"794":2114.0,"795":2128.0,"796":2134.0,"797":2119.0,"798":2115.0,"799":2110.0,"800":2108.0,"801":2124.0,"802":2135.0,"803":2109.0,"804":2125.0,"805":2210.0,"806":2131.0,"807":2135.0,"808":2114.0,"809":2111.0,"810":2118.0,"811":2116.0,"812":2135.0,"813":2130.0,"814":2115.0,"815":2132.0,"816":2122.0,"817":2128.0,"818":2132.0,"819":2109.0,"820":2111.0,"821":2128.0,"822":2111.0,"823":2135.0,"824":2111.0,"825":2215.0,"826":2110.0,"827":2115.0,"828":2114.0,"829":2130.0,"830":2119.0,"831":2116.0,"832":2120.0,"833":2113.0,"834":2135.0,"835":2116.0,"836":2127.0,"837":2124.0,"838":2110.0,"839":2129.0,"840":2121.0,"841":2115.0,"842":2116.0,"843":2115.0,"844":2113.0,"845":2131.0,"846":2111.0,"847":2115.0,"848":2134.0,"849":2215.0,"850":2210.0,"851":2210.0,"852":2210.0,"853":2210.0,"854":2111.0,"855":2135.0,"856":2116.0,"857":2215.0,"858":2116.0,"859":2135.0,"860":2122.0,"861":2111.0,"862":2130.0,"863":2130.0,"864":2114.0,"865":2215.0,"866":2119.0,"867":2130.0,"868":2210.0,"869":2134.0,"870":2130.0,"871":2118.0,"872":2130.0,"873":2130.0,"874":2129.0,"875":2210.0,"876":2215.0,"877":2111.0,"878":2116.0,"879":2119.0,"880":2116.0,"881":2124.0,"882":2115.0,"883":2130.0,"884":2120.0,"885":2116.0,"886":2215.0,"887":2111.0,"888":2118.0,"889":2115.0,"890":2111.0,"891":2115.0,"892":2210.0,"893":2128.0,"894":2215.0,"895":2135.0,"896":2134.0,"897":2110.0,"898":2119.0,"899":2116.0,"900":2111.0,"901":2125.0,"902":2124.0,"903":2122.0,"904":2127.0,"905":2119.0,"906":2134.0,"907":2116.0,"908":2128.0,"909":2134.0,"910":2114.0,"911":2115.0,"912":2129.0,"913":2128.0,"914":2134.0,"915":2124.0,"916":2111.0,"917":2131.0,"918":2124.0,"919":2125.0,"920":2131.0,"921":2132.0,"922":2215.0,"923":2125.0,"924":2119.0,"925":2111.0,"926":2134.0,"927":2115.0,"928":2115.0,"929":2127.0,"930":2127.0,"931":2116.0,"932":2113.0,"933":2116.0,"934":2124.0,"935":2128.0,"936":2113.0,"937":2128.0,"938":2113.0,"939":2128.0,"940":2124.0,"941":2108.0,"942":2131.0,"943":2130.0,"944":2115.0,"945":2109.0,"946":2116.0,"947":2111.0,"948":2115.0,"949":2215.0,"950":2116.0,"951":2113.0,"952":2115.0,"953":2128.0,"954":2125.0,"955":2113.0,"956":2134.0,"957":2128.0,"958":2210.0,"959":2119.0,"960":2127.0,"961":2134.0,"962":2115.0,"963":2134.0,"964":2128.0,"965":2113.0,"966":2134.0,"967":2118.0,"968":2116.0,"969":2114.0,"970":2110.0,"971":2110.0,"972":2128.0,"973":2210.0,"974":2115.0,"975":2115.0,"976":2111.0,"977":2210.0,"978":2116.0,"979":2121.0,"980":2210.0,"981":2210.0,"982":2210.0,"983":2210.0,"984":2210.0,"985":2210.0,"986":2120.0,"987":2135.0,"988":2127.0,"989":2131.0,"990":2136.0,"991":2114.0,"992":2135.0,"993":2115.0,"994":2127.0,"995":2113.0,"996":2116.0,"997":2215.0,"998":2132.0,"999":2132.0,"1000":2124.0,"1001":2116.0,"1002":2113.0,"1003":2115.0,"1004":2110.0,"1005":2128.0,"1006":2113.0,"1007":2210.0,"1008":2127.0,"1009":2116.0,"1010":2114.0,"1011":2114.0,"1012":2110.0,"1013":2115.0,"1014":2113.0,"1015":2134.0,"1016":2116.0,"1017":2122.0,"1018":2114.0,"1019":2125.0,"1020":2135.0,"1021":2110.0,"1022":2118.0,"1023":2119.0,"1024":2116.0,"1025":2108.0,"1026":2110.0,"1027":2114.0,"1028":2118.0,"1029":2114.0,"1030":2128.0,"1031":2130.0,"1032":2118.0,"1033":2113.0,"1034":2128.0,"1035":2109.0,"1036":2116.0,"1037":2134.0,"1038":2467.0,"1039":2134.0,"1040":2115.0,"1041":2115.0,"1042":2113.0,"1043":2116.0,"1044":2135.0,"1045":2135.0,"1046":2119.0,"1047":2113.0,"1048":2109.0,"1049":2127.0,"1050":2127.0,"1051":2113.0,"1052":2127.0,"1053":2135.0,"1054":2134.0,"1055":2128.0,"1056":2115.0,"1057":2118.0,"1058":2131.0,"1059":2135.0,"1060":2118.0,"1061":2116.0,"1062":2125.0,"1063":2116.0,"1064":2135.0,"1065":2132.0,"1066":2135.0,"1067":2132.0,"1068":2110.0,"1069":2110.0,"1070":2114.0,"1071":2114.0,"1072":2115.0,"1073":2113.0,"1074":2108.0,"1075":2126.0,"1076":2116.0,"1077":2110.0,"1078":2111.0,"1079":2115.0,"1080":2124.0,"1081":2131.0,"1082":2132.0,"1083":2135.0,"1084":2126.0,"1085":2119.0,"1086":2115.0,"1087":2108.0,"1088":2215.0,"1089":2115.0,"1090":2128.0,"1091":2215.0,"1092":2210.0,"1093":2116.0,"1094":2125.0,"1095":2128.0,"1096":2130.0,"1097":2210.0,"1098":2128.0,"1099":2119.0,"1100":2109.0,"1101":2122.0,"1102":2109.0,"1103":2120.0,"1104":2134.0,"1105":2215.0,"1106":2113.0,"1107":2108.0,"1108":2127.0,"1109":2118.0,"1110":2127.0,"1111":2115.0,"1112":2130.0,"1113":2108.0,"1114":2110.0,"1115":2210.0,"1116":2119.0,"1117":2136.0,"1118":2122.0,"1119":2114.0,"1120":2115.0,"1121":2115.0,"1122":2114.0,"1123":2122.0,"1124":2111.0,"1125":2118.0,"1126":2122.0,"1127":2134.0,"1128":2115.0,"1129":2115.0,"1130":2127.0,"1131":2129.0,"1132":2113.0,"1133":2110.0,"1134":2111.0,"1135":2135.0,"1136":2111.0,"1137":2126.0,"1138":2125.0,"1139":2135.0,"1140":2131.0,"1141":2118.0,"1142":2109.0,"1143":2110.0,"1144":2110.0,"1145":2210.0,"1146":2113.0,"1147":2128.0,"1148":2131.0,"1149":2134.0,"1150":2110.0,"1151":2116.0,"1152":2122.0,"1153":2111.0,"1154":2118.0,"1155":2111.0,"1156":2119.0,"1157":2111.0,"1158":2121.0,"1159":2136.0,"1160":2116.0,"1161":2128.0,"1162":2125.0,"1163":2131.0,"1164":2127.0,"1165":2116.0,"1166":2113.0,"1167":2114.0,"1168":2124.0,"1169":2108.0,"1170":2114.0,"1171":2130.0,"1172":2135.0,"1173":2120.0,"1174":2119.0,"1175":2119.0,"1176":2127.0,"1177":2124.0,"1178":2110.0,"1179":2111.0,"1180":2134.0,"1181":2110.0,"1182":2134.0,"1183":2113.0,"1184":2110.0,"1185":2128.0,"1186":2109.0,"1187":2108.0,"1188":2124.0,"1189":2124.0,"1190":2130.0,"1191":2128.0,"1192":2108.0,"1193":2111.0,"1194":2111.0,"1195":2116.0,"1196":2115.0,"1197":2121.0,"1198":2116.0,"1199":2115.0,"1200":2199.0,"1201":2114.0,"1202":2122.0,"1203":2129.0,"1204":2136.0,"1205":2132.0,"1206":2122.0,"1207":2114.0,"1208":2215.0,"1209":2199.0,"1210":2114.0,"1211":2113.0,"1212":2111.0,"1213":2124.0,"1214":2111.0,"1215":2119.0,"1216":2127.0,"1217":2122.0,"1218":2115.0,"1219":2122.0,"1220":2114.0,"1221":2130.0,"1222":2127.0,"1223":2199.0,"1224":2111.0,"1225":2127.0,"1226":2114.0,"1227":2128.0,"1228":2135.0,"1229":2114.0,"1230":2113.0,"1231":2119.0,"1232":2114.0,"1233":2108.0,"1234":2132.0,"1235":2128.0,"1236":2130.0,"1237":2113.0,"1238":2113.0,"1239":2125.0,"1240":2110.0,"1241":2109.0,"1242":2108.0,"1243":2115.0,"1244":2125.0,"1245":2116.0,"1246":2132.0,"1247":2113.0,"1248":2129.0,"1249":2135.0,"1250":2116.0,"1251":2111.0,"1252":2129.0,"1253":2210.0,"1254":2125.0,"1255":2116.0,"1256":2109.0,"1257":2109.0,"1258":2110.0,"1259":2127.0,"1260":2115.0,"1261":2108.0,"1262":2113.0,"1263":2115.0,"1264":2115.0,"1265":2134.0,"1266":2215.0,"1267":2109.0,"1268":2115.0,"1269":2108.0,"1270":2108.0,"1271":2115.0,"1272":2113.0,"1273":2124.0,"1274":2122.0,"1275":2110.0,"1276":2122.0,"1277":2122.0,"1278":2132.0,"1279":2109.0,"1280":2116.0,"1281":2135.0,"1282":2134.0,"1283":2130.0,"1284":2130.0,"1285":2113.0,"1286":2115.0,"1287":2135.0,"1288":2108.0,"1289":2111.0,"1290":2109.0,"1291":2122.0,"1292":2134.0,"1293":2135.0,"1294":2118.0,"1295":2135.0,"1296":2118.0,"1297":2113.0,"1298":2115.0,"1299":2131.0,"1300":2128.0,"1301":2128.0,"1302":2215.0,"1303":2131.0,"1304":2119.0,"1305":2110.0,"1306":2108.0,"1307":2111.0,"1308":2114.0,"1309":2108.0,"1310":2110.0,"1311":2116.0,"1312":2110.0,"1313":2110.0,"1314":2128.0,"1315":2118.0,"1316":2134.0,"1317":2122.0,"1318":2113.0,"1319":2215.0,"1320":2115.0,"1321":2114.0,"1322":2215.0,"1323":2128.0,"1324":2111.0,"1325":2113.0,"1326":2134.0,"1327":2215.0,"1328":2115.0,"1329":2115.0,"1330":2113.0,"1331":2122.0,"1332":2128.0,"1333":2121.0,"1334":2113.0,"1335":2113.0,"1336":2111.0,"1337":2126.0,"1338":2114.0,"1339":2130.0,"1340":2132.0,"1341":2116.0,"1342":2131.0,"1343":2131.0,"1344":2128.0,"1345":2215.0,"1346":2125.0,"1347":2136.0,"1348":2110.0,"1349":2111.0,"1350":2115.0,"1351":2116.0,"1352":2108.0,"1353":2215.0,"1354":2109.0,"1355":2114.0,"1356":2116.0,"1357":2127.0,"1358":2115.0,"1359":2115.0,"1360":2131.0,"1361":2134.0,"1362":2126.0,"1363":2121.0,"1364":2134.0,"1365":2210.0,"1366":2210.0,"1367":2210.0,"1368":2210.0,"1369":2210.0,"1370":2118.0,"1371":2215.0,"1372":2210.0,"1373":2125.0,"1374":2125.0,"1375":2125.0,"1376":2115.0,"1377":2132.0,"1378":2115.0,"1379":2136.0,"1380":2115.0,"1381":2115.0,"1382":2113.0,"1383":2114.0,"1384":2136.0,"1385":2124.0,"1386":2134.0,"1387":2130.0,"1388":2134.0,"1389":2115.0,"1390":2118.0,"1391":2116.0,"1392":2127.0,"1393":2116.0,"1394":2134.0,"1395":2109.0,"1396":2128.0,"1397":2110.0,"1398":2132.0,"1399":2134.0,"1400":2119.0,"1401":2116.0,"1402":2116.0,"1403":2131.0,"1404":2108.0,"1405":2135.0,"1406":2109.0,"1407":2215.0,"1408":2127.0,"1409":2108.0,"1410":2110.0,"1411":2128.0,"1412":2210.0,"1413":2108.0,"1414":2134.0,"1415":2127.0,"1416":2114.0,"1417":2128.0,"1418":2127.0,"1419":2108.0,"1420":2131.0,"1421":2126.0,"1422":2115.0,"1423":2125.0,"1424":2109.0,"1425":2116.0,"1426":2210.0,"1427":2125.0,"1428":2215.0,"1429":2111.0,"1430":2115.0,"1431":2131.0,"1432":2116.0,"1433":2215.0,"1434":2127.0,"1435":2119.0,"1436":2129.0,"1437":2134.0,"1438":2127.0,"1439":2114.0,"1440":2132.0,"1441":2126.0,"1442":2120.0,"1443":2124.0,"1444":2124.0,"1445":2110.0,"1446":2135.0,"1447":2114.0,"1448":2116.0,"1449":2114.0,"1450":2118.0,"1451":2109.0,"1452":2121.0,"1453":2131.0,"1454":2111.0,"1455":2124.0,"1456":2118.0,"1457":2116.0,"1458":2113.0,"1459":2108.0,"1460":2125.0,"1461":2111.0,"1462":2129.0,"1463":2109.0,"1464":2121.0,"1465":2124.0,"1466":2120.0,"1467":2115.0,"1468":2108.0,"1469":2115.0,"1470":2111.0,"1471":2135.0,"1472":2109.0,"1473":2128.0,"1474":2124.0,"1475":2215.0,"1476":2111.0,"1477":2108.0,"1478":2113.0,"1479":2116.0,"1480":2210.0,"1481":2116.0,"1482":2116.0,"1483":2110.0,"1484":2116.0,"1485":2125.0,"1486":2109.0,"1487":2121.0,"1488":2125.0,"1489":2115.0,"1490":2108.0,"1491":2119.0,"1492":2111.0,"1493":2215.0,"1494":2108.0,"1495":2125.0,"1496":2125.0,"1497":2125.0,"1498":2111.0,"1499":2110.0,"1500":2114.0,"1501":2108.0,"1502":2129.0,"1503":2215.0,"1504":2116.0,"1505":2125.0,"1506":2210.0,"1507":2127.0,"1508":2110.0,"1509":2115.0,"1510":2115.0,"1511":2114.0,"1512":2134.0,"1513":2110.0,"1514":2131.0,"1515":2114.0,"1516":2134.0,"1517":2134.0,"1518":2131.0,"1519":2108.0,"1520":2111.0,"1521":2130.0,"1522":2110.0,"1523":2119.0,"1524":2135.0,"1525":2135.0,"1526":2135.0,"1527":2135.0,"1528":2135.0,"1529":2135.0,"1530":2135.0,"1531":2135.0,"1532":2111.0,"1533":2120.0,"1534":2110.0,"1535":2210.0,"1536":2210.0,"1537":2115.0,"1538":2116.0,"1539":2110.0,"1540":2134.0,"1541":2215.0,"1542":2108.0,"1543":2122.0,"1544":2130.0,"1545":2129.0,"1546":2118.0,"1547":2134.0,"1548":2118.0,"1549":2118.0,"1550":2127.0,"1551":2111.0,"1552":2113.0,"1553":2210.0,"1554":2130.0,"1555":2110.0,"1556":2135.0,"1557":2125.0,"1558":2109.0,"1559":2215.0,"1560":2210.0,"1561":2115.0,"1562":2128.0,"1563":2135.0,"1564":2111.0,"1565":2115.0,"1566":2108.0,"1567":2108.0,"1568":2116.0,"1569":2116.0,"1570":2110.0,"1571":2116.0,"1572":2110.0,"1573":2108.0,"1574":2210.0,"1575":2109.0,"1576":2110.0,"1577":2111.0,"1578":2132.0,"1579":2115.0,"1580":2109.0,"1581":2127.0,"1582":2109.0,"1583":2109.0,"1584":2127.0,"1585":2127.0,"1586":2109.0,"1587":2109.0,"1588":2132.0,"1589":2134.0,"1590":2111.0,"1591":2134.0,"1592":2130.0,"1593":2120.0,"1594":2119.0,"1595":2116.0,"1596":2113.0,"1597":2111.0,"1598":2108.0,"1599":2109.0,"1600":2110.0,"1601":2111.0,"1602":2115.0,"1603":2116.0,"1604":2118.0,"1605":2120.0,"1606":2122.0,"1607":2124.0,"1608":2127.0,"1609":2131.0,"1610":2134.0,"1611":2135.0,"1612":2136.0,"1613":2114.0,"1614":2135.0,"1615":2132.0,"1616":2130.0,"1617":2115.0,"1618":2110.0,"1619":2108.0,"1620":2129.0,"1621":2114.0,"1622":2115.0,"1623":2130.0,"1624":2125.0,"1625":2134.0,"1626":2127.0,"1627":2115.0,"1628":2110.0,"1629":2120.0,"1630":2115.0,"1631":2134.0,"1632":2124.0,"1633":2135.0,"1634":2210.0,"1635":2115.0,"1636":2134.0,"1637":2215.0,"1638":2128.0,"1639":2128.0,"1640":2111.0,"1641":2136.0,"1642":2129.0,"1643":2116.0,"1644":2116.0,"1645":2134.0,"1646":2128.0,"1647":2113.0,"1648":2135.0,"1649":2111.0,"1650":2126.0,"1651":2111.0,"1652":2130.0,"1653":2113.0,"1654":2108.0,"1655":2116.0,"1656":2215.0,"1657":2210.0,"1658":2116.0,"1659":2122.0,"1660":2114.0,"1661":2116.0,"1662":2116.0,"1663":2116.0,"1664":2118.0,"1665":2134.0,"1666":2111.0,"1667":2114.0,"1668":2114.0,"1669":2114.0,"1670":2108.0,"1671":2127.0,"1672":2215.0,"1673":2136.0,"1674":2109.0,"1675":2108.0,"1676":2116.0,"1677":2108.0,"1678":2125.0,"1679":2110.0,"1680":2131.0,"1681":2113.0,"1682":2110.0,"1683":2116.0,"1684":2125.0,"1685":2128.0,"1686":2118.0,"1687":2127.0,"1688":2215.0,"1689":2111.0,"1690":2120.0,"1691":2115.0,"1692":2116.0,"1693":2134.0,"1694":2132.0,"1695":2116.0,"1696":2128.0,"1697":2134.0,"1698":2132.0,"1699":2124.0,"1700":2215.0,"1701":2127.0,"1702":2114.0,"1703":2129.0,"1704":2116.0,"1705":2134.0,"1706":2110.0,"1707":2210.0,"1708":2111.0,"1709":2134.0,"1710":2127.0,"1711":2111.0,"1712":2109.0,"1713":2127.0,"1714":2215.0,"1715":2135.0,"1716":2134.0,"1717":2132.0,"1718":2215.0,"1719":2122.0,"1720":2108.0,"1721":2108.0,"1722":2134.0,"1723":2125.0,"1724":2116.0,"1725":2111.0,"1726":2116.0,"1727":2136.0,"1728":2114.0,"1729":2122.0,"1730":2114.0,"1731":2116.0,"1732":2111.0,"1733":2115.0,"1734":2127.0,"1735":2134.0,"1736":2136.0,"1737":2118.0,"1738":2134.0,"1739":2114.0,"1740":2215.0,"1741":2124.0,"1742":2116.0,"1743":2111.0,"1744":2118.0,"1745":2110.0,"1746":2215.0,"1747":2114.0,"1748":2110.0,"1749":2109.0,"1750":2110.0,"1751":2114.0,"1752":2108.0,"1753":2130.0,"1754":2125.0,"1755":2127.0,"1756":2132.0,"1757":2115.0,"1758":2135.0,"1759":2111.0,"1760":2130.0,"1761":2135.0,"1762":2110.0,"1763":2210.0,"1764":2121.0,"1765":2135.0,"1766":2110.0,"1767":2114.0,"1768":2118.0,"1769":2127.0,"1770":2109.0,"1771":2118.0,"1772":2109.0,"1773":2136.0,"1774":2111.0,"1775":2108.0,"1776":2210.0,"1777":2210.0,"1778":2115.0,"1779":2215.0,"1780":2135.0,"1781":2125.0,"1782":2128.0,"1783":2130.0,"1784":2135.0,"1785":2114.0,"1786":2127.0,"1787":2136.0,"1788":2129.0,"1789":2130.0,"1790":2132.0,"1791":2124.0,"1792":2126.0,"1793":2109.0,"1794":2130.0,"1795":2116.0,"1796":2110.0,"1797":2111.0,"1798":2116.0,"1799":2118.0,"1800":2130.0,"1801":2210.0,"1802":2131.0,"1803":2115.0,"1804":2128.0,"1805":2122.0,"1806":2116.0,"1807":2110.0,"1808":2119.0,"1809":2108.0,"1810":2115.0,"1811":2215.0,"1812":2120.0,"1813":2119.0,"1814":2116.0,"1815":2129.0,"1816":2118.0,"1817":2108.0,"1818":2116.0,"1819":2116.0,"1820":2215.0,"1821":2110.0,"1822":2114.0,"1823":2121.0,"1824":2122.0,"1825":2115.0,"1826":2122.0,"1827":2113.0,"1828":2132.0,"1829":2113.0,"1830":2125.0,"1831":2130.0,"1832":2118.0,"1833":2122.0,"1834":2215.0,"1835":2118.0,"1836":2110.0,"1837":2116.0,"1838":2110.0,"1839":2108.0,"1840":2110.0,"1841":2113.0,"1842":2125.0,"1843":2127.0,"1844":2131.0,"1845":2110.0,"1846":2114.0,"1847":2116.0,"1848":2116.0,"1849":2116.0,"1850":2116.0,"1851":2111.0,"1852":2127.0,"1853":2129.0,"1854":2109.0,"1855":2134.0,"1856":2110.0,"1857":2116.0,"1858":2134.0,"1859":2132.0,"1860":2132.0,"1861":2134.0,"1862":2115.0,"1863":2114.0,"1864":2116.0,"1865":2110.0,"1866":2124.0,"1867":2130.0,"1868":2108.0,"1869":2115.0,"1870":2108.0,"1871":2114.0,"1872":2109.0,"1873":2132.0,"1874":2115.0,"1875":2116.0,"1876":2127.0,"1877":2111.0,"1878":2115.0,"1879":2135.0,"1880":2111.0,"1881":2116.0,"1882":2130.0,"1883":2128.0,"1884":2114.0,"1885":2111.0,"1886":2115.0,"1887":2210.0,"1888":2118.0,"1889":2125.0,"1890":2114.0,"1891":2119.0,"1892":2130.0,"1893":2118.0,"1894":2125.0,"1895":2135.0,"1896":2130.0,"1897":2215.0,"1898":2130.0,"1899":2127.0,"1900":2119.0,"1901":2130.0,"1902":2136.0,"1903":2108.0,"1904":2115.0,"1905":2111.0,"1906":2109.0,"1907":2116.0,"1908":2129.0,"1909":2109.0},"DangerLevel":{"0":0,"1":0,"2":0,"3":0,"4":1,"5":0,"6":0,"7":0,"8":0,"9":0,"10":0,"11":0,"12":1,"13":0,"14":0,"15":0,"16":0,"17":1,"18":0,"19":0,"20":0,"21":0,"22":0,"23":0,"24":0,"25":0,"26":0,"27":0,"28":0,"29":1,"30":0,"31":0,"32":0,"33":0,"34":0,"35":0,"36":0,"37":0,"38":0,"39":0,"40":0,"41":0,"42":0,"43":0,"44":0,"45":0,"46":0,"47":0,"48":0,"49":1,"50":0,"51":0,"52":0,"53":1,"54":0,"55":1,"56":0,"57":0,"58":0,"59":0,"60":0,"61":0,"62":0,"63":0,"64":0,"65":0,"66":0,"67":1,"68":1,"69":0,"70":0,"71":1,"72":0,"73":0,"74":0,"75":0,"76":1,"77":0,"78":0,"79":0,"80":0,"81":0,"82":0,"83":0,"84":0,"85":0,"86":0,"87":0,"88":1,"89":0,"90":0,"91":0,"92":0,"93":0,"94":0,"95":0,"96":0,"97":0,"98":0,"99":1,"100":0,"101":0,"102":0,"103":0,"104":1,"105":0,"106":0,"107":0,"108":0,"109":0,"110":0,"111":1,"112":0,"113":1,"114":0,"115":0,"116":0,"117":1,"118":1,"119":0,"120":0,"121":0,"122":0,"123":0,"124":0,"125":0,"126":0,"127":0,"128":0,"129":0,"130":0,"131":0,"132":0,"133":0,"134":0,"135":0,"136":0,"137":0,"138":0,"139":0,"140":0,"141":0,"142":0,"143":0,"144":0,"145":0,"146":0,"147":0,"148":0,"149":1,"150":0,"151":1,"152":1,"153":0,"154":0,"155":0,"156":0,"157":1,"158":0,"159":0,"160":0,"161":1,"162":0,"163":0,"164":0,"165":0,"166":0,"167":0,"168":0,"169":0,"170":0,"171":0,"172":0,"173":0,"174":0,"175":0,"176":0,"177":0,"178":0,"179":0,"180":1,"181":0,"182":1,"183":0,"184":0,"185":0,"186":0,"187":0,"188":0,"189":0,"190":1,"191":0,"192":1,"193":0,"194":1,"195":0,"196":0,"197":0,"198":0,"199":0,"200":0,"201":0,"202":0,"203":0,"204":0,"205":0,"206":1,"207":0,"208":0,"209":0,"210":0,"211":0,"212":1,"213":0,"214":0,"215":1,"216":0,"217":1,"218":0,"219":1,"220":0,"221":0,"222":0,"223":0,"224":0,"225":0,"226":0,"227":0,"228":0,"229":0,"230":0,"231":1,"232":1,"233":0,"234":0,"235":0,"236":0,"237":0,"238":1,"239":0,"240":0,"241":0,"242":0,"243":0,"244":0,"245":1,"246":1,"247":0,"248":0,"249":0,"250":0,"251":0,"252":0,"253":0,"254":0,"255":0,"256":0,"257":0,"258":1,"259":0,"260":0,"261":0,"262":0,"263":0,"264":0,"265":2,"266":0,"267":0,"268":0,"269":0,"270":0,"271":0,"272":0,"273":1,"274":0,"275":0,"276":0,"277":1,"278":0,"279":0,"280":0,"281":0,"282":0,"283":0,"284":0,"285":1,"286":0,"287":0,"288":0,"289":0,"290":0,"291":0,"292":0,"293":0,"294":1,"295":0,"296":0,"297":0,"298":0,"299":0,"300":0,"301":0,"302":0,"303":0,"304":0,"305":1,"306":0,"307":0,"308":0,"309":0,"310":0,"311":0,"312":0,"313":0,"314":0,"315":1,"316":1,"317":0,"318":0,"319":0,"320":1,"321":0,"322":0,"323":0,"324":0,"325":0,"326":0,"327":0,"328":0,"329":0,"330":0,"331":0,"332":0,"333":0,"334":0,"335":1,"336":0,"337":1,"338":0,"339":0,"340":0,"341":1,"342":0,"343":0,"344":0,"345":0,"346":0,"347":0,"348":0,"349":0,"350":0,"351":0,"352":0,"353":1,"354":0,"355":1,"356":0,"357":0,"358":0,"359":0,"360":0,"361":0,"362":0,"363":0,"364":0,"365":1,"366":0,"367":0,"368":0,"369":0,"370":0,"371":0,"372":0,"373":0,"374":0,"375":0,"376":0,"377":0,"378":0,"379":0,"380":0,"381":0,"382":0,"383":0,"384":0,"385":0,"386":0,"387":0,"388":0,"389":0,"390":0,"391":1,"392":0,"393":0,"394":0,"395":0,"396":0,"397":0,"398":0,"399":0,"400":0,"401":0,"402":0,"403":0,"404":0,"405":0,"406":0,"407":0,"408":0,"409":0,"410":1,"411":0,"412":0,"413":0,"414":0,"415":1,"416":0,"417":1,"418":0,"419":0,"420":0,"421":0,"422":0,"423":0,"424":0,"425":0,"426":0,"427":0,"428":0,"429":0,"430":0,"431":0,"432":0,"433":0,"434":0,"435":0,"436":0,"437":1,"438":0,"439":0,"440":0,"441":0,"442":0,"443":0,"444":0,"445":1,"446":0,"447":0,"448":1,"449":0,"450":1,"451":0,"452":0,"453":1,"454":0,"455":0,"456":0,"457":0,"458":0,"459":1,"460":0,"461":0,"462":1,"463":1,"464":0,"465":0,"466":0,"467":0,"468":0,"469":1,"470":0,"471":0,"472":0,"473":0,"474":0,"475":0,"476":0,"477":0,"478":0,"479":0,"480":0,"481":0,"482":1,"483":1,"484":0,"485":1,"486":0,"487":0,"488":0,"489":0,"490":0,"491":0,"492":0,"493":1,"494":0,"495":1,"496":0,"497":0,"498":0,"499":0,"500":0,"501":0,"502":0,"503":0,"504":0,"505":0,"506":2,"507":0,"508":1,"509":0,"510":0,"511":0,"512":0,"513":0,"514":0,"515":0,"516":0,"517":0,"518":0,"519":0,"520":1,"521":0,"522":0,"523":1,"524":0,"525":0,"526":0,"527":0,"528":1,"529":0,"530":0,"531":0,"532":0,"533":1,"534":0,"535":0,"536":0,"537":0,"538":1,"539":0,"540":0,"541":1,"542":0,"543":0,"544":0,"545":0,"546":0,"547":0,"548":0,"549":0,"550":0,"551":0,"552":0,"553":0,"554":0,"555":0,"556":0,"557":1,"558":0,"559":0,"560":1,"561":0,"562":0,"563":0,"564":0,"565":0,"566":0,"567":0,"568":1,"569":0,"570":0,"571":0,"572":1,"573":0,"574":0,"575":0,"576":0,"577":0,"578":1,"579":0,"580":0,"581":0,"582":0,"583":0,"584":1,"585":0,"586":0,"587":0,"588":0,"589":0,"590":0,"591":0,"592":1,"593":0,"594":1,"595":1,"596":1,"597":1,"598":1,"599":1,"600":0,"601":1,"602":0,"603":0,"604":0,"605":0,"606":0,"607":0,"608":0,"609":1,"610":1,"611":0,"612":1,"613":0,"614":1,"615":1,"616":0,"617":0,"618":0,"619":0,"620":1,"621":0,"622":0,"623":0,"624":0,"625":0,"626":1,"627":0,"628":0,"629":1,"630":1,"631":0,"632":1,"633":0,"634":0,"635":0,"636":0,"637":0,"638":0,"639":0,"640":0,"641":0,"642":0,"643":0,"644":0,"645":0,"646":1,"647":0,"648":0,"649":0,"650":0,"651":1,"652":1,"653":1,"654":1,"655":1,"656":0,"657":1,"658":1,"659":0,"660":0,"661":0,"662":1,"663":0,"664":0,"665":0,"666":0,"667":1,"668":1,"669":0,"670":0,"671":0,"672":0,"673":0,"674":0,"675":0,"676":0,"677":0,"678":0,"679":0,"680":0,"681":0,"682":0,"683":0,"684":0,"685":0,"686":0,"687":0,"688":1,"689":0,"690":1,"691":0,"692":0,"693":0,"694":0,"695":0,"696":0,"697":0,"698":0,"699":1,"700":0,"701":0,"702":1,"703":0,"704":0,"705":0,"706":1,"707":0,"708":0,"709":0,"710":1,"711":0,"712":0,"713":0,"714":0,"715":0,"716":0,"717":0,"718":0,"719":0,"720":0,"721":0,"722":1,"723":0,"724":0,"725":0,"726":0,"727":1,"728":0,"729":0,"730":0,"731":1,"732":0,"733":1,"734":0,"735":0,"736":0,"737":0,"738":0,"739":0,"740":0,"741":0,"742":1,"743":0,"744":0,"745":0,"746":1,"747":0,"748":0,"749":0,"750":1,"751":0,"752":0,"753":0,"754":0,"755":0,"756":1,"757":0,"758":1,"759":0,"760":0,"761":0,"762":0,"763":0,"764":1,"765":1,"766":1,"767":1,"768":0,"769":0,"770":0,"771":0,"772":0,"773":0,"774":0,"775":0,"776":0,"777":0,"778":0,"779":0,"780":0,"781":0,"782":0,"783":0,"784":0,"785":0,"786":0,"787":0,"788":0,"789":0,"790":0,"791":0,"792":0,"793":0,"794":0,"795":1,"796":0,"797":0,"798":0,"799":0,"800":0,"801":0,"802":0,"803":0,"804":0,"805":0,"806":0,"807":0,"808":0,"809":0,"810":0,"811":1,"812":0,"813":0,"814":0,"815":0,"816":0,"817":1,"818":0,"819":0,"820":0,"821":1,"822":0,"823":0,"824":0,"825":0,"826":0,"827":0,"828":0,"829":0,"830":0,"831":1,"832":0,"833":0,"834":0,"835":1,"836":0,"837":0,"838":0,"839":1,"840":1,"841":0,"842":1,"843":0,"844":0,"845":0,"846":0,"847":0,"848":0,"849":0,"850":0,"851":0,"852":0,"853":0,"854":0,"855":0,"856":1,"857":0,"858":1,"859":0,"860":0,"861":0,"862":0,"863":0,"864":0,"865":0,"866":0,"867":0,"868":0,"869":0,"870":0,"871":0,"872":0,"873":0,"874":1,"875":0,"876":0,"877":0,"878":1,"879":0,"880":1,"881":0,"882":0,"883":0,"884":0,"885":1,"886":0,"887":0,"888":0,"889":0,"890":0,"891":0,"892":0,"893":1,"894":0,"895":0,"896":0,"897":0,"898":0,"899":1,"900":0,"901":0,"902":0,"903":0,"904":0,"905":0,"906":0,"907":1,"908":1,"909":0,"910":0,"911":0,"912":1,"913":1,"914":0,"915":0,"916":0,"917":0,"918":0,"919":0,"920":0,"921":0,"922":0,"923":0,"924":0,"925":0,"926":0,"927":0,"928":0,"929":0,"930":0,"931":1,"932":0,"933":1,"934":0,"935":1,"936":0,"937":1,"938":0,"939":1,"940":0,"941":0,"942":0,"943":0,"944":0,"945":0,"946":1,"947":0,"948":0,"949":0,"950":1,"951":0,"952":0,"953":1,"954":0,"955":0,"956":0,"957":1,"958":0,"959":0,"960":0,"961":0,"962":0,"963":0,"964":1,"965":0,"966":0,"967":0,"968":1,"969":0,"970":0,"971":0,"972":1,"973":0,"974":0,"975":0,"976":0,"977":0,"978":1,"979":1,"980":0,"981":0,"982":0,"983":0,"984":0,"985":0,"986":0,"987":0,"988":0,"989":0,"990":0,"991":0,"992":0,"993":0,"994":0,"995":0,"996":1,"997":0,"998":0,"999":0,"1000":0,"1001":1,"1002":0,"1003":0,"1004":0,"1005":1,"1006":0,"1007":0,"1008":0,"1009":1,"1010":0,"1011":0,"1012":0,"1013":0,"1014":0,"1015":0,"1016":1,"1017":0,"1018":0,"1019":0,"1020":0,"1021":0,"1022":0,"1023":0,"1024":1,"1025":0,"1026":0,"1027":0,"1028":0,"1029":0,"1030":1,"1031":0,"1032":0,"1033":0,"1034":1,"1035":0,"1036":1,"1037":0,"1038":0,"1039":0,"1040":0,"1041":0,"1042":0,"1043":1,"1044":0,"1045":0,"1046":0,"1047":0,"1048":0,"1049":0,"1050":0,"1051":0,"1052":0,"1053":0,"1054":0,"1055":1,"1056":0,"1057":0,"1058":0,"1059":0,"1060":0,"1061":1,"1062":0,"1063":1,"1064":0,"1065":0,"1066":0,"1067":0,"1068":0,"1069":0,"1070":0,"1071":0,"1072":0,"1073":0,"1074":0,"1075":1,"1076":1,"1077":0,"1078":0,"1079":0,"1080":0,"1081":0,"1082":0,"1083":0,"1084":1,"1085":0,"1086":0,"1087":0,"1088":0,"1089":0,"1090":1,"1091":0,"1092":0,"1093":1,"1094":0,"1095":1,"1096":0,"1097":0,"1098":1,"1099":0,"1100":0,"1101":0,"1102":0,"1103":0,"1104":0,"1105":0,"1106":0,"1107":0,"1108":0,"1109":0,"1110":0,"1111":0,"1112":0,"1113":0,"1114":0,"1115":0,"1116":0,"1117":0,"1118":0,"1119":0,"1120":0,"1121":0,"1122":0,"1123":0,"1124":0,"1125":0,"1126":0,"1127":0,"1128":0,"1129":0,"1130":0,"1131":1,"1132":0,"1133":0,"1134":0,"1135":0,"1136":0,"1137":1,"1138":0,"1139":0,"1140":0,"1141":0,"1142":0,"1143":0,"1144":0,"1145":0,"1146":0,"1147":1,"1148":0,"1149":0,"1150":0,"1151":1,"1152":0,"1153":0,"1154":0,"1155":0,"1156":0,"1157":0,"1158":1,"1159":0,"1160":1,"1161":1,"1162":0,"1163":0,"1164":0,"1165":1,"1166":0,"1167":0,"1168":0,"1169":0,"1170":0,"1171":0,"1172":0,"1173":0,"1174":0,"1175":0,"1176":0,"1177":0,"1178":0,"1179":0,"1180":0,"1181":0,"1182":0,"1183":0,"1184":0,"1185":1,"1186":0,"1187":0,"1188":0,"1189":0,"1190":0,"1191":1,"1192":0,"1193":0,"1194":0,"1195":1,"1196":0,"1197":1,"1198":1,"1199":0,"1200":0,"1201":0,"1202":0,"1203":1,"1204":0,"1205":0,"1206":0,"1207":0,"1208":0,"1209":0,"1210":0,"1211":0,"1212":0,"1213":0,"1214":0,"1215":0,"1216":0,"1217":0,"1218":0,"1219":0,"1220":0,"1221":0,"1222":0,"1223":0,"1224":0,"1225":0,"1226":0,"1227":1,"1228":0,"1229":0,"1230":0,"1231":0,"1232":0,"1233":0,"1234":0,"1235":1,"1236":0,"1237":0,"1238":0,"1239":0,"1240":0,"1241":0,"1242":0,"1243":0,"1244":0,"1245":1,"1246":0,"1247":0,"1248":1,"1249":0,"1250":1,"1251":0,"1252":1,"1253":0,"1254":0,"1255":1,"1256":0,"1257":0,"1258":0,"1259":0,"1260":0,"1261":0,"1262":0,"1263":0,"1264":0,"1265":0,"1266":0,"1267":0,"1268":0,"1269":0,"1270":0,"1271":0,"1272":0,"1273":0,"1274":0,"1275":0,"1276":0,"1277":0,"1278":0,"1279":0,"1280":1,"1281":0,"1282":0,"1283":0,"1284":0,"1285":0,"1286":0,"1287":0,"1288":0,"1289":0,"1290":0,"1291":0,"1292":0,"1293":0,"1294":0,"1295":0,"1296":0,"1297":0,"1298":0,"1299":0,"1300":1,"1301":1,"1302":0,"1303":0,"1304":0,"1305":0,"1306":0,"1307":0,"1308":0,"1309":0,"1310":0,"1311":1,"1312":0,"1313":0,"1314":1,"1315":0,"1316":0,"1317":0,"1318":0,"1319":0,"1320":0,"1321":0,"1322":0,"1323":1,"1324":0,"1325":0,"1326":0,"1327":0,"1328":0,"1329":0,"1330":0,"1331":0,"1332":1,"1333":1,"1334":0,"1335":0,"1336":0,"1337":1,"1338":0,"1339":0,"1340":0,"1341":1,"1342":0,"1343":0,"1344":1,"1345":0,"1346":0,"1347":0,"1348":0,"1349":0,"1350":0,"1351":1,"1352":0,"1353":0,"1354":0,"1355":0,"1356":1,"1357":0,"1358":0,"1359":0,"1360":0,"1361":0,"1362":1,"1363":1,"1364":0,"1365":0,"1366":0,"1367":0,"1368":0,"1369":0,"1370":0,"1371":0,"1372":0,"1373":0,"1374":0,"1375":0,"1376":0,"1377":0,"1378":0,"1379":0,"1380":0,"1381":0,"1382":0,"1383":0,"1384":0,"1385":0,"1386":0,"1387":0,"1388":0,"1389":0,"1390":0,"1391":1,"1392":0,"1393":1,"1394":0,"1395":0,"1396":1,"1397":0,"1398":0,"1399":0,"1400":0,"1401":1,"1402":1,"1403":0,"1404":0,"1405":0,"1406":0,"1407":0,"1408":0,"1409":0,"1410":0,"1411":1,"1412":0,"1413":0,"1414":0,"1415":0,"1416":0,"1417":1,"1418":0,"1419":0,"1420":0,"1421":1,"1422":0,"1423":0,"1424":0,"1425":1,"1426":0,"1427":0,"1428":0,"1429":0,"1430":0,"1431":0,"1432":1,"1433":0,"1434":0,"1435":0,"1436":1,"1437":0,"1438":0,"1439":0,"1440":0,"1441":1,"1442":0,"1443":0,"1444":0,"1445":0,"1446":0,"1447":0,"1448":1,"1449":0,"1450":0,"1451":0,"1452":1,"1453":0,"1454":0,"1455":0,"1456":0,"1457":1,"1458":0,"1459":0,"1460":0,"1461":0,"1462":1,"1463":0,"1464":1,"1465":0,"1466":0,"1467":0,"1468":0,"1469":0,"1470":0,"1471":0,"1472":0,"1473":1,"1474":0,"1475":0,"1476":0,"1477":0,"1478":0,"1479":1,"1480":0,"1481":1,"1482":1,"1483":0,"1484":1,"1485":0,"1486":0,"1487":1,"1488":0,"1489":0,"1490":0,"1491":0,"1492":0,"1493":0,"1494":0,"1495":0,"1496":0,"1497":0,"1498":0,"1499":0,"1500":0,"1501":0,"1502":1,"1503":0,"1504":1,"1505":0,"1506":0,"1507":0,"1508":0,"1509":0,"1510":0,"1511":0,"1512":0,"1513":0,"1514":0,"1515":0,"1516":0,"1517":0,"1518":0,"1519":0,"1520":0,"1521":0,"1522":0,"1523":0,"1524":0,"1525":0,"1526":0,"1527":0,"1528":0,"1529":0,"1530":0,"1531":0,"1532":0,"1533":0,"1534":0,"1535":0,"1536":0,"1537":0,"1538":1,"1539":0,"1540":0,"1541":0,"1542":0,"1543":0,"1544":0,"1545":1,"1546":0,"1547":0,"1548":0,"1549":0,"1550":0,"1551":0,"1552":0,"1553":0,"1554":0,"1555":0,"1556":0,"1557":0,"1558":0,"1559":0,"1560":0,"1561":0,"1562":1,"1563":0,"1564":0,"1565":0,"1566":0,"1567":0,"1568":1,"1569":1,"1570":0,"1571":1,"1572":0,"1573":0,"1574":0,"1575":0,"1576":0,"1577":0,"1578":0,"1579":0,"1580":0,"1581":0,"1582":0,"1583":0,"1584":0,"1585":0,"1586":0,"1587":0,"1588":0,"1589":0,"1590":0,"1591":0,"1592":0,"1593":0,"1594":0,"1595":1,"1596":0,"1597":0,"1598":0,"1599":0,"1600":0,"1601":0,"1602":0,"1603":1,"1604":0,"1605":0,"1606":0,"1607":0,"1608":0,"1609":0,"1610":0,"1611":0,"1612":0,"1613":0,"1614":0,"1615":0,"1616":0,"1617":0,"1618":0,"1619":0,"1620":1,"1621":0,"1622":0,"1623":0,"1624":0,"1625":0,"1626":0,"1627":0,"1628":0,"1629":0,"1630":0,"1631":0,"1632":0,"1633":0,"1634":0,"1635":0,"1636":0,"1637":0,"1638":1,"1639":1,"1640":0,"1641":0,"1642":1,"1643":1,"1644":1,"1645":0,"1646":1,"1647":0,"1648":0,"1649":0,"1650":1,"1651":0,"1652":0,"1653":0,"1654":0,"1655":1,"1656":0,"1657":0,"1658":1,"1659":0,"1660":0,"1661":1,"1662":1,"1663":1,"1664":0,"1665":0,"1666":0,"1667":0,"1668":0,"1669":0,"1670":0,"1671":0,"1672":0,"1673":0,"1674":0,"1675":0,"1676":1,"1677":0,"1678":0,"1679":0,"1680":0,"1681":0,"1682":0,"1683":1,"1684":0,"1685":1,"1686":0,"1687":0,"1688":0,"1689":0,"1690":0,"1691":0,"1692":1,"1693":0,"1694":0,"1695":1,"1696":1,"1697":0,"1698":0,"1699":0,"1700":0,"1701":0,"1702":0,"1703":1,"1704":1,"1705":0,"1706":0,"1707":0,"1708":0,"1709":0,"1710":0,"1711":0,"1712":0,"1713":0,"1714":0,"1715":0,"1716":0,"1717":0,"1718":0,"1719":0,"1720":0,"1721":0,"1722":0,"1723":0,"1724":1,"1725":0,"1726":1,"1727":0,"1728":0,"1729":0,"1730":0,"1731":1,"1732":0,"1733":0,"1734":0,"1735":0,"1736":0,"1737":0,"1738":0,"1739":0,"1740":0,"1741":0,"1742":1,"1743":0,"1744":0,"1745":0,"1746":0,"1747":0,"1748":0,"1749":0,"1750":0,"1751":0,"1752":0,"1753":0,"1754":0,"1755":0,"1756":0,"1757":0,"1758":0,"1759":0,"1760":0,"1761":0,"1762":0,"1763":0,"1764":1,"1765":0,"1766":0,"1767":0,"1768":0,"1769":0,"1770":0,"1771":0,"1772":0,"1773":0,"1774":0,"1775":0,"1776":0,"1777":0,"1778":0,"1779":0,"1780":0,"1781":0,"1782":1,"1783":0,"1784":0,"1785":0,"1786":0,"1787":0,"1788":1,"1789":0,"1790":0,"1791":0,"1792":1,"1793":0,"1794":0,"1795":1,"1796":0,"1797":0,"1798":1,"1799":0,"1800":0,"1801":0,"1802":0,"1803":0,"1804":1,"1805":0,"1806":1,"1807":0,"1808":0,"1809":0,"1810":0,"1811":0,"1812":0,"1813":0,"1814":1,"1815":1,"1816":0,"1817":0,"1818":1,"1819":1,"1820":0,"1821":0,"1822":0,"1823":1,"1824":0,"1825":0,"1826":0,"1827":0,"1828":0,"1829":0,"1830":0,"1831":0,"1832":0,"1833":0,"1834":0,"1835":0,"1836":0,"1837":1,"1838":0,"1839":0,"1840":0,"1841":0,"1842":0,"1843":0,"1844":0,"1845":0,"1846":0,"1847":1,"1848":1,"1849":1,"1850":1,"1851":0,"1852":0,"1853":1,"1854":0,"1855":0,"1856":0,"1857":1,"1858":0,"1859":0,"1860":0,"1861":0,"1862":0,"1863":0,"1864":1,"1865":0,"1866":0,"1867":0,"1868":0,"1869":0,"1870":0,"1871":0,"1872":0,"1873":0,"1874":0,"1875":1,"1876":0,"1877":0,"1878":0,"1879":0,"1880":0,"1881":1,"1882":0,"1883":1,"1884":0,"1885":0,"1886":0,"1887":0,"1888":0,"1889":0,"1890":0,"1891":0,"1892":0,"1893":0,"1894":0,"1895":0,"1896":0,"1897":0,"1898":0,"1899":0,"1900":0,"1901":0,"1902":0,"1903":0,"1904":0,"1905":0,"1906":0,"1907":1,"1908":1,"1909":0}}